time (s),power (W)
0,-68.91503589
1,-67.68627447
2,-72.13421106
3,-74.82281907
4,-74.32430416
5,-78.7811477
6,-75.19173714
7,-76.14907541
8,-76.38898441
9,-84.12311576
10,-64.50777424
11,-62.62020996
12,-63.22731083
13,-60.68448207
14,-67.14576124
15,-62.35148615
16,-62.31561519
17,-63.43078788
18,-62.98795979
19,-62.52275519
20,-60.0844395
21,-62.36761354
22,-64.91966672
23,-63.94881341
24,-64.39708588
25,-59.98660494
26,-59.12107787
27,-60.68394315
28,-61.012344
29,-62.89119301
30,-57.24634213
31,-63.07578291
32,-60.02256285
33,-59.53610321
34,-58.47728608
35,-56.71130006
36,-61.19467874
37,-59.83800551
38,-57.37148889
39,-57.36222937
40,-58.49475082
41,-62.12195285
42,-58.63260388
43,-56.3827042
44,-58.05457455
45,-58.00575998
46,-53.61983525
47,-58.4009528
48,-58.08136693
49,-59.15571515
50,-61.24133126
51,-59.93434293
52,-57.40961386
53,-55.89411606
54,-61.94887657
55,-57.40015832
56,-57.3182188
57,-57.24936879
58,-57.65140266
59,-56.42874826
60,-55.65203298
61,-55.70052651
62,-56.63067383
63,-55.7067398
64,-54.7971299
65,-56.27940763
66,-55.62553006
67,-58.80795249
68,-51.29057286
69,-57.45857624
70,-57.7382476
71,-51.73247615
72,-54.86375539
73,-54.20864905
74,-52.33413461
75,-53.4734123
76,-52.87136674
77,-58.05098048
78,-55.97047433
79,-56.57816032
80,-55.5832827
81,-52.23485472
82,-53.32860527
83,-54.55991331
84,-51.46337222
85,-54.96450551
86,-53.23970134
87,-52.9963651
88,-54.35773302
89,-53.87521125
90,-52.41834726
91,-55.16894757
92,-51.11550918
93,-53.5827255
94,-53.54141238
95,-51.90829417
96,-53.05839926
97,-50.20476084
98,-53.53705648
99,-51.53072288
100,-50.91951937
101,-53.76318093
102,-50.5909216
103,-48.7139102
104,-48.44583699
105,-52.3585987
106,-48.9455524
107,-53.83395582
108,-46.89235149
109,-53.72840795
110,-51.0408729
111,-50.48411037
112,-49.0701079
113,-50.77814277
114,-49.98791378
115,-52.05215692
116,-50.26267122
117,-49.72485403
118,-48.79505354
119,-49.34989104
120,-45.78822068
121,-41.53411737
122,-42.18903621
123,-45.97299788
124,-44.9373838
125,-44.29537253
126,-44.66159661
127,-45.25710827
128,-43.65168305
129,-43.22009467
130,-44.98257861
131,-42.85812091
132,-45.36687756
133,-41.54784017
134,-46.49024807
135,-45.48329346
136,-45.09146757
137,-46.40618174
138,-47.64150989
139,-46.46349722
140,-41.29763742
141,-42.31316627
142,-43.49778997
143,-44.67545028
144,-45.56482119
145,-43.31519066
146,-44.96615332
147,-43.26156599
148,-43.52185444
149,-41.48015452
150,-42.35479789
151,-41.57962091
152,-42.25955879
153,-45.93146534
154,-42.30745762
155,-48.78780618
156,-44.91769755
157,-44.35957591
158,-42.47217403
159,-45.29219844
160,-42.98368601
161,-44.24590722
162,-48.65700165
163,-43.85136389
164,-46.10448698
165,-42.75293639
166,-43.96185753
167,-47.22898724
168,-42.89081843
169,-47.30433888
170,-45.30566301
171,-43.00751577
172,-45.16934628
173,-45.7847578
174,-45.15017222
175,-41.18422651
176,-42.70958533
177,-42.9742523
178,-43.28740726
179,-44.54502914
180,-43.74358228
181,-41.00610016
182,-44.10995035
183,-44.52678038
184,-44.43487882
185,-45.37748214
186,-44.93085248
187,-44.2528492
188,-43.29512864
189,-40.41697734
190,-44.19936431
191,-43.79783579
192,-43.91343105
193,-41.11211477
194,-41.4661712
195,-45.32749632
196,-43.35051089
197,-44.65508348
198,-43.47331129
199,-43.47591257
200,-45.11966913
201,-42.48842062
202,-43.595983
203,-42.58570315
204,-42.6359625
205,-42.86270553
206,-43.22088802
207,-41.95281432
208,-45.09097254
209,-41.20042069
210,-42.48089367
211,-42.02340698
212,-45.43694112
213,-43.17460914
214,-44.6858598
215,-40.13123697
216,-43.30215333
217,-44.42855913
218,-42.96786436
219,-44.74671554
220,-41.88308602
221,-45.36885812
222,-46.97828052
223,-42.16252497
224,-42.01296494
225,-45.44853227
226,-45.67683771
227,-41.87300562
228,-42.05876746
229,-42.30917209
230,-40.38654043
231,-41.15691784
232,-41.00224692
233,-41.42985161
234,-42.15315365
235,-42.63966115
236,-45.02115533
237,-40.40963218
238,-43.99679582
239,-41.8287474
240,-42.12641502
241,-43.43682671
242,-40.18461902
243,-42.90778344
244,-42.51706158
245,-43.10687641
246,-42.73908668
247,-46.65816697
248,-41.06207431
249,-41.25519947
250,-41.08848842
251,-41.21090866
252,-41.06271271
253,-44.36713933
254,-44.78595922
255,-41.18328285
256,-40.70996543
257,-43.06881749
258,-41.2167961
259,-43.3610413
260,-42.58304652
261,-39.47354255
262,-45.01573609
263,-44.86202039
264,-40.50413312
265,-40.91137273
266,-42.13002587
267,-42.21794001
268,-42.80429632
269,-45.24979195
270,-41.29268067
271,-40.16850118
272,-39.11728531
273,-40.29038551
274,-41.55288792
275,-44.85963252
276,-40.67633312
277,-42.01771207
278,-41.58310983
279,-43.76292731
280,-46.18468352
281,-40.65234699
282,-40.72730314
283,-43.50197439
284,-42.84653735
285,-44.9539841
286,-42.66929693
287,-40.96277265
288,-42.68146713
289,-43.61874848
290,-43.097283
291,-41.92752577
292,-42.93962318
293,-43.12529037
294,-43.51041416
295,-42.18341904
296,-40.7073797
297,-41.27518082
298,-43.19261879
299,-39.53169516
300,-41.67676197
301,-40.29808912
302,-41.06174528
303,-43.3227817
304,-41.35548521
305,-41.09375409
306,-38.54941457
307,-42.35990025
308,-42.17758292
309,-44.92361409
310,-40.45288987
311,-41.40623704
312,-41.46093684
313,-43.86375097
314,-40.83732487
315,-41.5145592
316,-42.1095773
317,-41.34736176
318,-40.20202718
319,-41.36089655
320,-42.34912587
321,-38.54942816
322,-40.64723003
323,-39.13995842
324,-42.56879613
325,-37.65082348
326,-39.3954231
327,-41.089126
328,-43.23908354
329,-40.28769535
330,-39.40215772
331,-43.81014362
332,-37.78683048
333,-36.42845757
334,-41.20275176
335,-39.49831102
336,-38.55898551
337,-41.68825037
338,-40.84775144
339,-39.38609317
340,-38.09025943
341,-41.98515041
342,-41.58303277
343,-40.22721998
344,-43.74768807
345,-38.47059996
346,-37.64659296
347,-39.15481735
348,-39.72109319
349,-40.2438325
350,-39.36711273
351,-40.44052717
352,-37.53921816
353,-42.41570552
354,-39.65493755
355,-41.82504086
356,-40.42364675
357,-40.62995204
358,-40.83442309
359,-40.61358796
360,-40.96641802
361,-42.20834327
362,-40.15912638
363,-41.08633713
364,-39.64121524
365,-42.40910647
366,-38.57980491
367,-43.06192703
368,-39.73091393
369,-37.21493544
370,-40.03534315
371,-38.57137496
372,-41.32450684
373,-38.62280783
374,-38.99631104
375,-36.38491227
376,-38.98523319
377,-34.81507407
378,-36.33480423
379,-40.57626807
380,-40.62219687
381,-39.97024588
382,-37.45098078
383,-39.11416352
384,-39.19396753
385,-37.10471045
386,-41.92051359
387,-40.78785595
388,-38.80070531
389,-39.24912873
390,-39.5775027
391,-35.50647015
392,-38.75327898
393,-37.96660327
394,-37.38830126
395,-38.69190384
396,-42.45295549
397,-40.35993242
398,-38.16707804
399,-40.23643265
400,-41.73227371
401,-40.87338187
402,-39.30837188
403,-38.03001302
404,-40.46374819
405,-39.30931573
406,-40.21703222
407,-39.74658765
408,-40.49630763
409,-37.62902504
410,-40.98090044
411,-38.95490876
412,-42.35207337
413,-37.3504858
414,-41.73819907
415,-38.95547176
416,-37.41882096
417,-37.72192907
418,-38.01781166
419,-39.36482463
420,-48.58960869
421,-46.60569837
422,-48.20268769
423,-52.12266076
424,-51.37231427
425,-49.63925569
426,-48.91859362
427,-49.06700276
428,-50.56292943
429,-47.6024294
430,-48.98726078
431,-47.03711345
432,-50.77830019
433,-51.22694579
434,-49.78488224
435,-53.50682942
436,-48.44136846
437,-48.61274837
438,-51.66826343
439,-53.1566392
440,-54.91190918
441,-51.03501985
442,-53.81686438
443,-52.39867048
444,-52.15601556
445,-54.67019099
446,-54.25164368
447,-50.21933393
448,-56.34594615
449,-56.1714455
450,-52.54270953
451,-54.99370402
452,-55.17142091
453,-54.74922006
454,-53.88503827
455,-53.66554291
456,-54.83444583
457,-57.60552771
458,-56.46727431
459,-54.81322885
460,-57.48304674
461,-50.93311362
462,-58.16525639
463,-53.54235011
464,-56.03418537
465,-54.66416648
466,-54.95061061
467,-59.39324673
468,-56.4468273
469,-58.52301482
470,-57.81121037
471,-58.7591892
472,-58.63817621
473,-56.17792821
474,-60.30168487
475,-58.20893969
476,-56.28601961
477,-58.32770164
478,-62.42060916
479,-61.24362113
480,-59.07455477
481,-59.67654353
482,-59.7265199
483,-64.06580202
484,-61.60254146
485,-61.68957774
486,-62.77556714
487,-61.94663797
488,-61.0459351
489,-61.15936133
490,-61.98814751
491,-62.05034786
492,-64.03724277
493,-62.81475996
494,-64.04630809
495,-63.17782437
496,-63.46613206
497,-59.70861016
498,-65.58481424
499,-64.55383086
500,-65.73259845
501,-59.28997064
502,-68.30842844
503,-64.2774769
504,-67.13809755
505,-63.25166117
506,-66.2417774
507,-63.83030321
508,-64.60764269
509,-69.19916596
510,-65.99429031
511,-66.73267417
512,-67.91345586
513,-67.83918147
514,-67.21451333
515,-67.6026743
516,-71.89383911
517,-67.44120484
518,-67.90929092
519,-70.04943603
520,-70.14871253
521,-70.29617457
522,-69.9072453
523,-66.68363535
524,-71.7069118
525,-67.28067597
526,-69.90224919
527,-67.99002903
528,-69.84174689
529,-70.55260383
530,-70.53920596
531,-71.32423526
532,-73.48048603
533,-71.38143217
534,-70.72221702
535,-72.90823595
536,-73.31601144
537,-69.54598924
538,-72.84789055
539,-73.63872598
540,-41.67753968
541,-44.70490932
542,-41.34133446
543,-41.8400226
544,-40.69660787
545,-41.03792506
546,-38.42321504
547,-37.80123759
548,-43.29151757
549,-38.27120232
550,-38.00989008
551,-35.30445754
552,-38.04444187
553,-36.20359664
554,-41.56822219
555,-40.42441582
556,-36.74927846
557,-42.06954329
558,-39.16749459
559,-36.80353005
560,-32.26609015
561,-40.933043
562,-34.27405948
563,-33.20812058
564,-38.03515228
565,-39.99610888
566,-38.08647908
567,-35.99914907
568,-36.05495588
569,-36.52293951
570,-35.74890427
571,-34.88455679
572,-33.9612521
573,-33.6594791
574,-31.8055287
575,-32.66182925
576,-30.10665404
577,-32.38863585
578,-30.77794554
579,-29.96680027
580,-32.28894681
581,-33.87887291
582,-33.02185559
583,-28.51895515
584,-28.96681611
585,-32.45939722
586,-28.37665113
587,-29.74780133
588,-30.54631868
589,-27.7991549
590,-29.74178615
591,-26.53446093
592,-27.25694008
593,-28.32044848
594,-24.25666864
595,-27.33264354
596,-25.89709908
597,-26.32913864
598,-25.1315774
599,-26.59145106
