Time_Minutes,Power_PerUnit,Description
0,0.0021,"PV smoothing/capacity firming (positive=charge, negative=discharge)"
1,0.0039,"PV smoothing/capacity firming (positive=charge, negative=discharge)"
2,0.0065,"PV smoothing/capacity firming (positive=charge, negative=discharge)"
3,0.0087,"PV smoothing/capacity firming (positive=charge, negative=discharge)"
4,0.0097,"PV smoothing/capacity firming (positive=charge, negative=discharge)"
5,0.009,"PV smoothing/capacity firming (positive=charge, negative=discharge)"
6,0.0062,"PV smoothing/capacity firming (positive=charge, negative=discharge)"
7,0.0014,"PV smoothing/capacity firming (positive=charge, negative=discharge)"
8,-0.0041,"PV smoothing/capacity firming (positive=charge, negative=discharge)"
9,-0.0088,"PV smoothing/capacity firming (positive=charge, negative=discharge)"
10,-0.0115,"PV smoothing/capacity firming (positive=charge, negative=discharge)"
11,-0.0127,"PV smoothing/capacity firming (positive=charge, negative=discharge)"
12,-0.014,"PV smoothing/capacity firming (positive=charge, negative=discharge)"
13,-0.0162,"PV smoothing/capacity firming (positive=charge, negative=discharge)"
14,-0.0191,"PV smoothing/capacity firming (positive=charge, negative=discharge)"
15,-0.0211,"PV smoothing/capacity firming (positive=charge, negative=discharge)"
16,-0.0205,"PV smoothing/capacity firming (positive=charge, negative=discharge)"
17,-0.017,"PV smoothing/capacity firming (positive=charge, negative=discharge)"
18,-0.0115,"PV smoothing/capacity firming (positive=charge, negative=discharge)"
19,-0.0058,"PV smoothing/capacity firming (positive=charge, negative=discharge)"
20,-0.0014,"PV smoothing/capacity firming (positive=charge, negative=discharge)"
21,0.0006,"PV smoothing/capacity firming (positive=charge, negative=discharge)"
22,0.0008,"PV smoothing/capacity firming (positive=charge, negative=discharge)"
23,-0.0001,"PV smoothing/capacity firming (positive=charge, negative=discharge)"
24,-0.0014,"PV smoothing/capacity firming (positive=charge, negative=discharge)"
25,-0.0032,"PV smoothing/capacity firming (positive=charge, negative=discharge)"
26,-0.0051,"PV smoothing/capacity firming (positive=charge, negative=discharge)"
27,-0.0061,"PV smoothing/capacity firming (positive=charge, negative=discharge)"
28,-0.0057,"PV smoothing/capacity firming (positive=charge, negative=discharge)"
29,-0.0041,"PV smoothing/capacity firming (positive=charge, negative=discharge)"
30,-0.0021,"PV smoothing/capacity firming (positive=charge, negative=discharge)"
31,-0.0005,"PV smoothing/capacity firming (positive=charge, negative=discharge)"
32,-0.0003,"PV smoothing/capacity firming (positive=charge, negative=discharge)"
33,-0.0019,"PV smoothing/capacity firming (positive=charge, negative=discharge)"
34,-0.0045,"PV smoothing/capacity firming (positive=charge, negative=discharge)"
35,-0.0065,"PV smoothing/capacity firming (positive=charge, negative=discharge)"
36,-0.0063,"PV smoothing/capacity firming (positive=charge, negative=discharge)"
37,-0.0029,"PV smoothing/capacity firming (positive=charge, negative=discharge)"
38,0.0032,"PV smoothing/capacity firming (positive=charge, negative=discharge)"
39,0.0104,"PV smoothing/capacity firming (positive=charge, negative=discharge)"
40,0.0165,"PV smoothing/capacity firming (positive=charge, negative=discharge)"
41,0.0203,"PV smoothing/capacity firming (positive=charge, negative=discharge)"
42,0.0214,"PV smoothing/capacity firming (positive=charge, negative=discharge)"
43,0.0198,"PV smoothing/capacity firming (positive=charge, negative=discharge)"
44,0.0157,"PV smoothing/capacity firming (positive=charge, negative=discharge)"
45,0.0099,"PV smoothing/capacity firming (positive=charge, negative=discharge)"
46,0.0034,"PV smoothing/capacity firming (positive=charge, negative=discharge)"
47,-0.0024,"PV smoothing/capacity firming (positive=charge, negative=discharge)"
48,-0.0063,"PV smoothing/capacity firming (positive=charge, negative=discharge)"
49,-0.0071,"PV smoothing/capacity firming (positive=charge, negative=discharge)"
50,-0.0044,"PV smoothing/capacity firming (positive=charge, negative=discharge)"
51,0.0013,"PV smoothing/capacity firming (positive=charge, negative=discharge)"
52,0.0084,"PV smoothing/capacity firming (positive=charge, negative=discharge)"
53,0.0145,"PV smoothing/capacity firming (positive=charge, negative=discharge)"
54,0.0172,"PV smoothing/capacity firming (positive=charge, negative=discharge)"
55,0.0156,"PV smoothing/capacity firming (positive=charge, negative=discharge)"
56,0.0113,"PV smoothing/capacity firming (positive=charge, negative=discharge)"
57,0.0076,"PV smoothing/capacity firming (positive=charge, negative=discharge)"
58,0.0074,"PV smoothing/capacity firming (positive=charge, negative=discharge)"
59,0.0106,"PV smoothing/capacity firming (positive=charge, negative=discharge)"
60,0.0144,"PV smoothing/capacity firming (positive=charge, negative=discharge)"
61,0.0158,"PV smoothing/capacity firming (positive=charge, negative=discharge)"
62,0.014,"PV smoothing/capacity firming (positive=charge, negative=discharge)"
63,0.0106,"PV smoothing/capacity firming (positive=charge, negative=discharge)"
64,0.0079,"PV smoothing/capacity firming (positive=charge, negative=discharge)"
65,0.0069,"PV smoothing/capacity firming (positive=charge, negative=discharge)"
66,0.0073,"PV smoothing/capacity firming (positive=charge, negative=discharge)"
67,0.0082,"PV smoothing/capacity firming (positive=charge, negative=discharge)"
68,0.0089,"PV smoothing/capacity firming (positive=charge, negative=discharge)"
69,0.0089,"PV smoothing/capacity firming (positive=charge, negative=discharge)"
70,0.0078,"PV smoothing/capacity firming (positive=charge, negative=discharge)"
71,0.0048,"PV smoothing/capacity firming (positive=charge, negative=discharge)"
72,-0.0003,"PV smoothing/capacity firming (positive=charge, negative=discharge)"
73,-0.0066,"PV smoothing/capacity firming (positive=charge, negative=discharge)"
74,-0.0125,"PV smoothing/capacity firming (positive=charge, negative=discharge)"
75,-0.017,"PV smoothing/capacity firming (positive=charge, negative=discharge)"
76,-0.0195,"PV smoothing/capacity firming (positive=charge, negative=discharge)"
77,-0.0196,"PV smoothing/capacity firming (positive=charge, negative=discharge)"
78,-0.017,"PV smoothing/capacity firming (positive=charge, negative=discharge)"
79,-0.0124,"PV smoothing/capacity firming (positive=charge, negative=discharge)"
80,-0.0065,"PV smoothing/capacity firming (positive=charge, negative=discharge)"
81,-0.0003,"PV smoothing/capacity firming (positive=charge, negative=discharge)"
82,0.0048,"PV smoothing/capacity firming (positive=charge, negative=discharge)"
83,0.0065,"PV smoothing/capacity firming (positive=charge, negative=discharge)"
84,0.003,"PV smoothing/capacity firming (positive=charge, negative=discharge)"
85,-0.0049,"PV smoothing/capacity firming (positive=charge, negative=discharge)"
86,-0.0135,"PV smoothing/capacity firming (positive=charge, negative=discharge)"
87,-0.0184,"PV smoothing/capacity firming (positive=charge, negative=discharge)"
88,-0.0166,"PV smoothing/capacity firming (positive=charge, negative=discharge)"
89,-0.0083,"PV smoothing/capacity firming (positive=charge, negative=discharge)"
90,0.0042,"PV smoothing/capacity firming (positive=charge, negative=discharge)"
91,0.0162,"PV smoothing/capacity firming (positive=charge, negative=discharge)"
92,0.0228,"PV smoothing/capacity firming (positive=charge, negative=discharge)"
93,0.0213,"PV smoothing/capacity firming (positive=charge, negative=discharge)"
94,0.0137,"PV smoothing/capacity firming (positive=charge, negative=discharge)"
95,0.005,"PV smoothing/capacity firming (positive=charge, negative=discharge)"
96,-0.0,"PV smoothing/capacity firming (positive=charge, negative=discharge)"
97,0.0009,"PV smoothing/capacity firming (positive=charge, negative=discharge)"
98,0.0063,"PV smoothing/capacity firming (positive=charge, negative=discharge)"
99,0.013,"PV smoothing/capacity firming (positive=charge, negative=discharge)"
100,0.0175,"PV smoothing/capacity firming (positive=charge, negative=discharge)"
101,0.0175,"PV smoothing/capacity firming (positive=charge, negative=discharge)"
102,0.0128,"PV smoothing/capacity firming (positive=charge, negative=discharge)"
103,0.0048,"PV smoothing/capacity firming (positive=charge, negative=discharge)"
104,-0.004,"PV smoothing/capacity firming (positive=charge, negative=discharge)"
105,-0.0116,"PV smoothing/capacity firming (positive=charge, negative=discharge)"
106,-0.0173,"PV smoothing/capacity firming (positive=charge, negative=discharge)"
107,-0.0211,"PV smoothing/capacity firming (positive=charge, negative=discharge)"
108,-0.0229,"PV smoothing/capacity firming (positive=charge, negative=discharge)"
109,-0.022,"PV smoothing/capacity firming (positive=charge, negative=discharge)"
110,-0.018,"PV smoothing/capacity firming (positive=charge, negative=discharge)"
111,-0.012,"PV smoothing/capacity firming (positive=charge, negative=discharge)"
112,-0.0051,"PV smoothing/capacity firming (positive=charge, negative=discharge)"
113,0.0023,"PV smoothing/capacity firming (positive=charge, negative=discharge)"
114,0.0106,"PV smoothing/capacity firming (positive=charge, negative=discharge)"
115,0.018,"PV smoothing/capacity firming (positive=charge, negative=discharge)"
116,0.0215,"PV smoothing/capacity firming (positive=charge, negative=discharge)"
117,0.0192,"PV smoothing/capacity firming (positive=charge, negative=discharge)"
118,0.0129,"PV smoothing/capacity firming (positive=charge, negative=discharge)"
119,0.0064,"PV smoothing/capacity firming (positive=charge, negative=discharge)"
120,0.0026,"PV smoothing/capacity firming (positive=charge, negative=discharge)"
121,0.0022,"PV smoothing/capacity firming (positive=charge, negative=discharge)"
122,0.0035,"PV smoothing/capacity firming (positive=charge, negative=discharge)"
123,0.0027,"PV smoothing/capacity firming (positive=charge, negative=discharge)"
124,-0.0045,"PV smoothing/capacity firming (positive=charge, negative=discharge)"
125,-0.0217,"PV smoothing/capacity firming (positive=charge, negative=discharge)"
126,-0.0508,"PV smoothing/capacity firming (positive=charge, negative=discharge)"
127,-0.0911,"PV smoothing/capacity firming (positive=charge, negative=discharge)"
128,-0.1372,"PV smoothing/capacity firming (positive=charge, negative=discharge)"
129,-0.1794,"PV smoothing/capacity firming (positive=charge, negative=discharge)"
130,-0.2082,"PV smoothing/capacity firming (positive=charge, negative=discharge)"
131,-0.2197,"PV smoothing/capacity firming (positive=charge, negative=discharge)"
132,-0.2188,"PV smoothing/capacity firming (positive=charge, negative=discharge)"
133,-0.2144,"PV smoothing/capacity firming (positive=charge, negative=discharge)"
134,-0.2128,"PV smoothing/capacity firming (positive=charge, negative=discharge)"
135,-0.2135,"PV smoothing/capacity firming (positive=charge, negative=discharge)"
136,-0.213,"PV smoothing/capacity firming (positive=charge, negative=discharge)"
137,-0.2097,"PV smoothing/capacity firming (positive=charge, negative=discharge)"
138,-0.2054,"PV smoothing/capacity firming (positive=charge, negative=discharge)"
139,-0.2031,"PV smoothing/capacity firming (positive=charge, negative=discharge)"
140,-0.2053,"PV smoothing/capacity firming (positive=charge, negative=discharge)"
141,-0.2124,"PV smoothing/capacity firming (positive=charge, negative=discharge)"
142,-0.2223,"PV smoothing/capacity firming (positive=charge, negative=discharge)"
143,-0.2323,"PV smoothing/capacity firming (positive=charge, negative=discharge)"
144,-0.2404,"PV smoothing/capacity firming (positive=charge, negative=discharge)"
145,-0.2451,"PV smoothing/capacity firming (positive=charge, negative=discharge)"
146,-0.2446,"PV smoothing/capacity firming (positive=charge, negative=discharge)"
147,-0.2389,"PV smoothing/capacity firming (positive=charge, negative=discharge)"
148,-0.2314,"PV smoothing/capacity firming (positive=charge, negative=discharge)"
149,-0.2272,"PV smoothing/capacity firming (positive=charge, negative=discharge)"
150,-0.2296,"PV smoothing/capacity firming (positive=charge, negative=discharge)"
151,-0.237,"PV smoothing/capacity firming (positive=charge, negative=discharge)"
152,-0.2439,"PV smoothing/capacity firming (positive=charge, negative=discharge)"
153,-0.2462,"PV smoothing/capacity firming (positive=charge, negative=discharge)"
154,-0.2445,"PV smoothing/capacity firming (positive=charge, negative=discharge)"
155,-0.2428,"PV smoothing/capacity firming (positive=charge, negative=discharge)"
156,-0.2448,"PV smoothing/capacity firming (positive=charge, negative=discharge)"
157,-0.2514,"PV smoothing/capacity firming (positive=charge, negative=discharge)"
158,-0.2608,"PV smoothing/capacity firming (positive=charge, negative=discharge)"
159,-0.2717,"PV smoothing/capacity firming (positive=charge, negative=discharge)"
160,-0.2837,"PV smoothing/capacity firming (positive=charge, negative=discharge)"
161,-0.2975,"PV smoothing/capacity firming (positive=charge, negative=discharge)"
162,-0.3128,"PV smoothing/capacity firming (positive=charge, negative=discharge)"
163,-0.3271,"PV smoothing/capacity firming (positive=charge, negative=discharge)"
164,-0.3372,"PV smoothing/capacity firming (positive=charge, negative=discharge)"
165,-0.3409,"PV smoothing/capacity firming (positive=charge, negative=discharge)"
166,-0.3386,"PV smoothing/capacity firming (positive=charge, negative=discharge)"
167,-0.3342,"PV smoothing/capacity firming (positive=charge, negative=discharge)"
168,-0.3327,"PV smoothing/capacity firming (positive=charge, negative=discharge)"
169,-0.3357,"PV smoothing/capacity firming (positive=charge, negative=discharge)"
170,-0.3401,"PV smoothing/capacity firming (positive=charge, negative=discharge)"
171,-0.3418,"PV smoothing/capacity firming (positive=charge, negative=discharge)"
172,-0.3406,"PV smoothing/capacity firming (positive=charge, negative=discharge)"
173,-0.3397,"PV smoothing/capacity firming (positive=charge, negative=discharge)"
174,-0.3407,"PV smoothing/capacity firming (positive=charge, negative=discharge)"
175,-0.3439,"PV smoothing/capacity firming (positive=charge, negative=discharge)"
176,-0.3497,"PV smoothing/capacity firming (positive=charge, negative=discharge)"
177,-0.3588,"PV smoothing/capacity firming (positive=charge, negative=discharge)"
178,-0.3703,"PV smoothing/capacity firming (positive=charge, negative=discharge)"
179,-0.3819,"PV smoothing/capacity firming (positive=charge, negative=discharge)"
180,-0.3912,"PV smoothing/capacity firming (positive=charge, negative=discharge)"
181,-0.3962,"PV smoothing/capacity firming (positive=charge, negative=discharge)"
182,-0.3957,"PV smoothing/capacity firming (positive=charge, negative=discharge)"
183,-0.3902,"PV smoothing/capacity firming (positive=charge, negative=discharge)"
184,-0.3823,"PV smoothing/capacity firming (positive=charge, negative=discharge)"
185,-0.375,"PV smoothing/capacity firming (positive=charge, negative=discharge)"
186,-0.3693,"PV smoothing/capacity firming (positive=charge, negative=discharge)"
187,-0.365,"PV smoothing/capacity firming (positive=charge, negative=discharge)"
188,-0.3626,"PV smoothing/capacity firming (positive=charge, negative=discharge)"
189,-0.3632,"PV smoothing/capacity firming (positive=charge, negative=discharge)"
190,-0.367,"PV smoothing/capacity firming (positive=charge, negative=discharge)"
191,-0.3724,"PV smoothing/capacity firming (positive=charge, negative=discharge)"
192,-0.3758,"PV smoothing/capacity firming (positive=charge, negative=discharge)"
193,-0.3751,"PV smoothing/capacity firming (positive=charge, negative=discharge)"
194,-0.372,"PV smoothing/capacity firming (positive=charge, negative=discharge)"
195,-0.3698,"PV smoothing/capacity firming (positive=charge, negative=discharge)"
196,-0.3703,"PV smoothing/capacity firming (positive=charge, negative=discharge)"
197,-0.3718,"PV smoothing/capacity firming (positive=charge, negative=discharge)"
198,-0.3724,"PV smoothing/capacity firming (positive=charge, negative=discharge)"
199,-0.3737,"PV smoothing/capacity firming (positive=charge, negative=discharge)"
200,-0.3797,"PV smoothing/capacity firming (positive=charge, negative=discharge)"
201,-0.3909,"PV smoothing/capacity firming (positive=charge, negative=discharge)"
202,-0.4025,"PV smoothing/capacity firming (positive=charge, negative=discharge)"
203,-0.4098,"PV smoothing/capacity firming (positive=charge, negative=discharge)"
204,-0.4142,"PV smoothing/capacity firming (positive=charge, negative=discharge)"
205,-0.4201,"PV smoothing/capacity firming (positive=charge, negative=discharge)"
206,-0.4279,"PV smoothing/capacity firming (positive=charge, negative=discharge)"
207,-0.4296,"PV smoothing/capacity firming (positive=charge, negative=discharge)"
208,-0.4116,"PV smoothing/capacity firming (positive=charge, negative=discharge)"
209,-0.3645,"PV smoothing/capacity firming (positive=charge, negative=discharge)"
210,-0.2913,"PV smoothing/capacity firming (positive=charge, negative=discharge)"
211,-0.2085,"PV smoothing/capacity firming (positive=charge, negative=discharge)"
212,-0.1358,"PV smoothing/capacity firming (positive=charge, negative=discharge)"
213,-0.0838,"PV smoothing/capacity firming (positive=charge, negative=discharge)"
214,-0.0519,"PV smoothing/capacity firming (positive=charge, negative=discharge)"
215,-0.0357,"PV smoothing/capacity firming (positive=charge, negative=discharge)"
216,-0.0305,"PV smoothing/capacity firming (positive=charge, negative=discharge)"
217,-0.0306,"PV smoothing/capacity firming (positive=charge, negative=discharge)"
218,-0.0303,"PV smoothing/capacity firming (positive=charge, negative=discharge)"
219,-0.0263,"PV smoothing/capacity firming (positive=charge, negative=discharge)"
220,-0.019,"PV smoothing/capacity firming (positive=charge, negative=discharge)"
221,-0.0097,"PV smoothing/capacity firming (positive=charge, negative=discharge)"
222,0.0001,"PV smoothing/capacity firming (positive=charge, negative=discharge)"
223,0.0085,"PV smoothing/capacity firming (positive=charge, negative=discharge)"
224,0.0136,"PV smoothing/capacity firming (positive=charge, negative=discharge)"
225,0.0152,"PV smoothing/capacity firming (positive=charge, negative=discharge)"
226,0.0143,"PV smoothing/capacity firming (positive=charge, negative=discharge)"
227,0.0116,"PV smoothing/capacity firming (positive=charge, negative=discharge)"
228,0.0079,"PV smoothing/capacity firming (positive=charge, negative=discharge)"
229,0.0053,"PV smoothing/capacity firming (positive=charge, negative=discharge)"
230,0.0072,"PV smoothing/capacity firming (positive=charge, negative=discharge)"
231,0.017,"PV smoothing/capacity firming (positive=charge, negative=discharge)"
232,0.0341,"PV smoothing/capacity firming (positive=charge, negative=discharge)"
233,0.0515,"PV smoothing/capacity firming (positive=charge, negative=discharge)"
234,0.058,"PV smoothing/capacity firming (positive=charge, negative=discharge)"
235,0.0461,"PV smoothing/capacity firming (positive=charge, negative=discharge)"
236,0.0194,"PV smoothing/capacity firming (positive=charge, negative=discharge)"
237,-0.0104,"PV smoothing/capacity firming (positive=charge, negative=discharge)"
238,-0.0334,"PV smoothing/capacity firming (positive=charge, negative=discharge)"
239,-0.0465,"PV smoothing/capacity firming (positive=charge, negative=discharge)"
240,-0.05,"PV smoothing/capacity firming (positive=charge, negative=discharge)"
241,-0.0429,"PV smoothing/capacity firming (positive=charge, negative=discharge)"
242,-0.0266,"PV smoothing/capacity firming (positive=charge, negative=discharge)"
243,-0.0073,"PV smoothing/capacity firming (positive=charge, negative=discharge)"
244,0.0073,"PV smoothing/capacity firming (positive=charge, negative=discharge)"
245,0.0135,"PV smoothing/capacity firming (positive=charge, negative=discharge)"
246,0.0122,"PV smoothing/capacity firming (positive=charge, negative=discharge)"
247,0.0046,"PV smoothing/capacity firming (positive=charge, negative=discharge)"
248,-0.0085,"PV smoothing/capacity firming (positive=charge, negative=discharge)"
249,-0.0237,"PV smoothing/capacity firming (positive=charge, negative=discharge)"
250,-0.0334,"PV smoothing/capacity firming (positive=charge, negative=discharge)"
251,-0.0307,"PV smoothing/capacity firming (positive=charge, negative=discharge)"
252,-0.0165,"PV smoothing/capacity firming (positive=charge, negative=discharge)"
253,0.0008,"PV smoothing/capacity firming (positive=charge, negative=discharge)"
254,0.0118,"PV smoothing/capacity firming (positive=charge, negative=discharge)"
255,0.0118,"PV smoothing/capacity firming (positive=charge, negative=discharge)"
256,0.0014,"PV smoothing/capacity firming (positive=charge, negative=discharge)"
257,-0.0148,"PV smoothing/capacity firming (positive=charge, negative=discharge)"
258,-0.0287,"PV smoothing/capacity firming (positive=charge, negative=discharge)"
259,-0.0323,"PV smoothing/capacity firming (positive=charge, negative=discharge)"
260,-0.0241,"PV smoothing/capacity firming (positive=charge, negative=discharge)"
261,-0.0115,"PV smoothing/capacity firming (positive=charge, negative=discharge)"
262,-0.0036,"PV smoothing/capacity firming (positive=charge, negative=discharge)"
263,-0.0041,"PV smoothing/capacity firming (positive=charge, negative=discharge)"
264,-0.0099,"PV smoothing/capacity firming (positive=charge, negative=discharge)"
265,-0.0156,"PV smoothing/capacity firming (positive=charge, negative=discharge)"
266,-0.0173,"PV smoothing/capacity firming (positive=charge, negative=discharge)"
267,-0.0127,"PV smoothing/capacity firming (positive=charge, negative=discharge)"
268,-0.0025,"PV smoothing/capacity firming (positive=charge, negative=discharge)"
269,0.0098,"PV smoothing/capacity firming (positive=charge, negative=discharge)"
270,0.0192,"PV smoothing/capacity firming (positive=charge, negative=discharge)"
271,0.0216,"PV smoothing/capacity firming (positive=charge, negative=discharge)"
272,0.0156,"PV smoothing/capacity firming (positive=charge, negative=discharge)"
273,0.0032,"PV smoothing/capacity firming (positive=charge, negative=discharge)"
274,-0.0115,"PV smoothing/capacity firming (positive=charge, negative=discharge)"
275,-0.0235,"PV smoothing/capacity firming (positive=charge, negative=discharge)"
276,-0.0296,"PV smoothing/capacity firming (positive=charge, negative=discharge)"
277,-0.0301,"PV smoothing/capacity firming (positive=charge, negative=discharge)"
278,-0.0283,"PV smoothing/capacity firming (positive=charge, negative=discharge)"
279,-0.0283,"PV smoothing/capacity firming (positive=charge, negative=discharge)"
280,-0.032,"PV smoothing/capacity firming (positive=charge, negative=discharge)"
281,-0.0379,"PV smoothing/capacity firming (positive=charge, negative=discharge)"
282,-0.0426,"PV smoothing/capacity firming (positive=charge, negative=discharge)"
283,-0.0421,"PV smoothing/capacity firming (positive=charge, negative=discharge)"
284,-0.0333,"PV smoothing/capacity firming (positive=charge, negative=discharge)"
285,-0.0167,"PV smoothing/capacity firming (positive=charge, negative=discharge)"
286,0.0005,"PV smoothing/capacity firming (positive=charge, negative=discharge)"
287,0.0086,"PV smoothing/capacity firming (positive=charge, negative=discharge)"
288,0.0045,"PV smoothing/capacity firming (positive=charge, negative=discharge)"
289,-0.006,"PV smoothing/capacity firming (positive=charge, negative=discharge)"
290,-0.0137,"PV smoothing/capacity firming (positive=charge, negative=discharge)"
291,-0.0132,"PV smoothing/capacity firming (positive=charge, negative=discharge)"
292,-0.004,"PV smoothing/capacity firming (positive=charge, negative=discharge)"
293,0.011,"PV smoothing/capacity firming (positive=charge, negative=discharge)"
294,0.0259,"PV smoothing/capacity firming (positive=charge, negative=discharge)"
295,0.0348,"PV smoothing/capacity firming (positive=charge, negative=discharge)"
296,0.0353,"PV smoothing/capacity firming (positive=charge, negative=discharge)"
297,0.0281,"PV smoothing/capacity firming (positive=charge, negative=discharge)"
298,0.0147,"PV smoothing/capacity firming (positive=charge, negative=discharge)"
299,-0.0015,"PV smoothing/capacity firming (positive=charge, negative=discharge)"
300,-0.0137,"PV smoothing/capacity firming (positive=charge, negative=discharge)"
301,-0.0145,"PV smoothing/capacity firming (positive=charge, negative=discharge)"
302,-0.0031,"PV smoothing/capacity firming (positive=charge, negative=discharge)"
303,0.0127,"PV smoothing/capacity firming (positive=charge, negative=discharge)"
304,0.0224,"PV smoothing/capacity firming (positive=charge, negative=discharge)"
305,0.0213,"PV smoothing/capacity firming (positive=charge, negative=discharge)"
306,0.0142,"PV smoothing/capacity firming (positive=charge, negative=discharge)"
307,0.0087,"PV smoothing/capacity firming (positive=charge, negative=discharge)"
308,0.0044,"PV smoothing/capacity firming (positive=charge, negative=discharge)"
309,-0.012,"PV smoothing/capacity firming (positive=charge, negative=discharge)"
310,-0.0588,"PV smoothing/capacity firming (positive=charge, negative=discharge)"
311,-0.1456,"PV smoothing/capacity firming (positive=charge, negative=discharge)"
312,-0.264,"PV smoothing/capacity firming (positive=charge, negative=discharge)"
313,-0.389,"PV smoothing/capacity firming (positive=charge, negative=discharge)"
314,-0.4923,"PV smoothing/capacity firming (positive=charge, negative=discharge)"
315,-0.5558,"PV smoothing/capacity firming (positive=charge, negative=discharge)"
316,-0.5784,"PV smoothing/capacity firming (positive=charge, negative=discharge)"
317,-0.5716,"PV smoothing/capacity firming (positive=charge, negative=discharge)"
318,-0.5524,"PV smoothing/capacity firming (positive=charge, negative=discharge)"
319,-0.5363,"PV smoothing/capacity firming (positive=charge, negative=discharge)"
320,-0.5333,"PV smoothing/capacity firming (positive=charge, negative=discharge)"
321,-0.5461,"PV smoothing/capacity firming (positive=charge, negative=discharge)"
322,-0.5705,"PV smoothing/capacity firming (positive=charge, negative=discharge)"
323,-0.5968,"PV smoothing/capacity firming (positive=charge, negative=discharge)"
324,-0.6134,"PV smoothing/capacity firming (positive=charge, negative=discharge)"
325,-0.6143,"PV smoothing/capacity firming (positive=charge, negative=discharge)"
326,-0.6027,"PV smoothing/capacity firming (positive=charge, negative=discharge)"
327,-0.5848,"PV smoothing/capacity firming (positive=charge, negative=discharge)"
328,-0.56,"PV smoothing/capacity firming (positive=charge, negative=discharge)"
329,-0.5189,"PV smoothing/capacity firming (positive=charge, negative=discharge)"
330,-0.4506,"PV smoothing/capacity firming (positive=charge, negative=discharge)"
331,-0.3537,"PV smoothing/capacity firming (positive=charge, negative=discharge)"
332,-0.2418,"PV smoothing/capacity firming (positive=charge, negative=discharge)"
333,-0.1371,"PV smoothing/capacity firming (positive=charge, negative=discharge)"
334,-0.058,"PV smoothing/capacity firming (positive=charge, negative=discharge)"
335,-0.0106,"PV smoothing/capacity firming (positive=charge, negative=discharge)"
336,0.0115,"PV smoothing/capacity firming (positive=charge, negative=discharge)"
337,0.02,"PV smoothing/capacity firming (positive=charge, negative=discharge)"
338,0.023,"PV smoothing/capacity firming (positive=charge, negative=discharge)"
339,0.0195,"PV smoothing/capacity firming (positive=charge, negative=discharge)"
340,0.0052,"PV smoothing/capacity firming (positive=charge, negative=discharge)"
341,-0.0179,"PV smoothing/capacity firming (positive=charge, negative=discharge)"
342,-0.04,"PV smoothing/capacity firming (positive=charge, negative=discharge)"
343,-0.0532,"PV smoothing/capacity firming (positive=charge, negative=discharge)"
344,-0.0583,"PV smoothing/capacity firming (positive=charge, negative=discharge)"
345,-0.0612,"PV smoothing/capacity firming (positive=charge, negative=discharge)"
346,-0.0659,"PV smoothing/capacity firming (positive=charge, negative=discharge)"
347,-0.0727,"PV smoothing/capacity firming (positive=charge, negative=discharge)"
348,-0.0803,"PV smoothing/capacity firming (positive=charge, negative=discharge)"
349,-0.0855,"PV smoothing/capacity firming (positive=charge, negative=discharge)"
350,-0.0831,"PV smoothing/capacity firming (positive=charge, negative=discharge)"
351,-0.0709,"PV smoothing/capacity firming (positive=charge, negative=discharge)"
352,-0.0541,"PV smoothing/capacity firming (positive=charge, negative=discharge)"
353,-0.041,"PV smoothing/capacity firming (positive=charge, negative=discharge)"
354,-0.0331,"PV smoothing/capacity firming (positive=charge, negative=discharge)"
355,-0.0241,"PV smoothing/capacity firming (positive=charge, negative=discharge)"
356,-0.0091,"PV smoothing/capacity firming (positive=charge, negative=discharge)"
357,0.0088,"PV smoothing/capacity firming (positive=charge, negative=discharge)"
358,0.0221,"PV smoothing/capacity firming (positive=charge, negative=discharge)"
359,0.0267,"PV smoothing/capacity firming (positive=charge, negative=discharge)"
360,0.0233,"PV smoothing/capacity firming (positive=charge, negative=discharge)"
361,0.0145,"PV smoothing/capacity firming (positive=charge, negative=discharge)"
362,0.005,"PV smoothing/capacity firming (positive=charge, negative=discharge)"
363,0.0006,"PV smoothing/capacity firming (positive=charge, negative=discharge)"
364,0.0034,"PV smoothing/capacity firming (positive=charge, negative=discharge)"
365,0.0078,"PV smoothing/capacity firming (positive=charge, negative=discharge)"
366,0.0057,"PV smoothing/capacity firming (positive=charge, negative=discharge)"
367,-0.0046,"PV smoothing/capacity firming (positive=charge, negative=discharge)"
368,-0.0178,"PV smoothing/capacity firming (positive=charge, negative=discharge)"
369,-0.0265,"PV smoothing/capacity firming (positive=charge, negative=discharge)"
370,-0.0262,"PV smoothing/capacity firming (positive=charge, negative=discharge)"
371,-0.0176,"PV smoothing/capacity firming (positive=charge, negative=discharge)"
372,-0.0054,"PV smoothing/capacity firming (positive=charge, negative=discharge)"
373,0.004,"PV smoothing/capacity firming (positive=charge, negative=discharge)"
374,0.0078,"PV smoothing/capacity firming (positive=charge, negative=discharge)"
375,0.0094,"PV smoothing/capacity firming (positive=charge, negative=discharge)"
376,0.0141,"PV smoothing/capacity firming (positive=charge, negative=discharge)"
377,0.0224,"PV smoothing/capacity firming (positive=charge, negative=discharge)"
378,0.028,"PV smoothing/capacity firming (positive=charge, negative=discharge)"
379,0.0239,"PV smoothing/capacity firming (positive=charge, negative=discharge)"
380,0.0089,"PV smoothing/capacity firming (positive=charge, negative=discharge)"
381,-0.0108,"PV smoothing/capacity firming (positive=charge, negative=discharge)"
382,-0.0266,"PV smoothing/capacity firming (positive=charge, negative=discharge)"
383,-0.0331,"PV smoothing/capacity firming (positive=charge, negative=discharge)"
384,-0.0314,"PV smoothing/capacity firming (positive=charge, negative=discharge)"
385,-0.0266,"PV smoothing/capacity firming (positive=charge, negative=discharge)"
386,-0.022,"PV smoothing/capacity firming (positive=charge, negative=discharge)"
387,-0.0169,"PV smoothing/capacity firming (positive=charge, negative=discharge)"
388,-0.0095,"PV smoothing/capacity firming (positive=charge, negative=discharge)"
389,-0.0008,"PV smoothing/capacity firming (positive=charge, negative=discharge)"
390,0.005,"PV smoothing/capacity firming (positive=charge, negative=discharge)"
391,0.0023,"PV smoothing/capacity firming (positive=charge, negative=discharge)"
392,-0.0109,"PV smoothing/capacity firming (positive=charge, negative=discharge)"
393,-0.0287,"PV smoothing/capacity firming (positive=charge, negative=discharge)"
394,-0.0384,"PV smoothing/capacity firming (positive=charge, negative=discharge)"
395,-0.0321,"PV smoothing/capacity firming (positive=charge, negative=discharge)"
396,-0.0147,"PV smoothing/capacity firming (positive=charge, negative=discharge)"
397,-0.0001,"PV smoothing/capacity firming (positive=charge, negative=discharge)"
398,0.0007,"PV smoothing/capacity firming (positive=charge, negative=discharge)"
399,-0.012,"PV smoothing/capacity firming (positive=charge, negative=discharge)"
400,-0.0264,"PV smoothing/capacity firming (positive=charge, negative=discharge)"
401,-0.0281,"PV smoothing/capacity firming (positive=charge, negative=discharge)"
402,-0.0114,"PV smoothing/capacity firming (positive=charge, negative=discharge)"
403,0.0166,"PV smoothing/capacity firming (positive=charge, negative=discharge)"
404,0.0423,"PV smoothing/capacity firming (positive=charge, negative=discharge)"
405,0.0548,"PV smoothing/capacity firming (positive=charge, negative=discharge)"
406,0.0498,"PV smoothing/capacity firming (positive=charge, negative=discharge)"
407,0.0306,"PV smoothing/capacity firming (positive=charge, negative=discharge)"
408,0.0065,"PV smoothing/capacity firming (positive=charge, negative=discharge)"
409,-0.0125,"PV smoothing/capacity firming (positive=charge, negative=discharge)"
410,-0.0213,"PV smoothing/capacity firming (positive=charge, negative=discharge)"
411,-0.0218,"PV smoothing/capacity firming (positive=charge, negative=discharge)"
412,-0.0193,"PV smoothing/capacity firming (positive=charge, negative=discharge)"
413,-0.0172,"PV smoothing/capacity firming (positive=charge, negative=discharge)"
414,-0.0148,"PV smoothing/capacity firming (positive=charge, negative=discharge)"
415,-0.0112,"PV smoothing/capacity firming (positive=charge, negative=discharge)"
416,-0.008,"PV smoothing/capacity firming (positive=charge, negative=discharge)"
417,-0.0082,"PV smoothing/capacity firming (positive=charge, negative=discharge)"
418,-0.0117,"PV smoothing/capacity firming (positive=charge, negative=discharge)"
419,-0.0136,"PV smoothing/capacity firming (positive=charge, negative=discharge)"
420,-0.0085,"PV smoothing/capacity firming (positive=charge, negative=discharge)"
421,0.0041,"PV smoothing/capacity firming (positive=charge, negative=discharge)"
422,0.0196,"PV smoothing/capacity firming (positive=charge, negative=discharge)"
423,0.035,"PV smoothing/capacity firming (positive=charge, negative=discharge)"
424,0.0518,"PV smoothing/capacity firming (positive=charge, negative=discharge)"
425,0.07,"PV smoothing/capacity firming (positive=charge, negative=discharge)"
426,0.0833,"PV smoothing/capacity firming (positive=charge, negative=discharge)"
427,0.0857,"PV smoothing/capacity firming (positive=charge, negative=discharge)"
428,0.0787,"PV smoothing/capacity firming (positive=charge, negative=discharge)"
429,0.0684,"PV smoothing/capacity firming (positive=charge, negative=discharge)"
430,0.0577,"PV smoothing/capacity firming (positive=charge, negative=discharge)"
431,0.0459,"PV smoothing/capacity firming (positive=charge, negative=discharge)"
432,0.0334,"PV smoothing/capacity firming (positive=charge, negative=discharge)"
433,0.0228,"PV smoothing/capacity firming (positive=charge, negative=discharge)"
434,0.0144,"PV smoothing/capacity firming (positive=charge, negative=discharge)"
435,0.0051,"PV smoothing/capacity firming (positive=charge, negative=discharge)"
436,-0.0068,"PV smoothing/capacity firming (positive=charge, negative=discharge)"
437,-0.018,"PV smoothing/capacity firming (positive=charge, negative=discharge)"
438,-0.0246,"PV smoothing/capacity firming (positive=charge, negative=discharge)"
439,-0.027,"PV smoothing/capacity firming (positive=charge, negative=discharge)"
440,-0.0282,"PV smoothing/capacity firming (positive=charge, negative=discharge)"
441,-0.0288,"PV smoothing/capacity firming (positive=charge, negative=discharge)"
442,-0.0258,"PV smoothing/capacity firming (positive=charge, negative=discharge)"
443,-0.0182,"PV smoothing/capacity firming (positive=charge, negative=discharge)"
444,-0.0088,"PV smoothing/capacity firming (positive=charge, negative=discharge)"
445,-0.0016,"PV smoothing/capacity firming (positive=charge, negative=discharge)"
446,0.0012,"PV smoothing/capacity firming (positive=charge, negative=discharge)"
447,-0.0009,"PV smoothing/capacity firming (positive=charge, negative=discharge)"
448,-0.008,"PV smoothing/capacity firming (positive=charge, negative=discharge)"
449,-0.021,"PV smoothing/capacity firming (positive=charge, negative=discharge)"
450,-0.0401,"PV smoothing/capacity firming (positive=charge, negative=discharge)"
451,-0.0618,"PV smoothing/capacity firming (positive=charge, negative=discharge)"
452,-0.0781,"PV smoothing/capacity firming (positive=charge, negative=discharge)"
453,-0.0815,"PV smoothing/capacity firming (positive=charge, negative=discharge)"
454,-0.0704,"PV smoothing/capacity firming (positive=charge, negative=discharge)"
455,-0.0484,"PV smoothing/capacity firming (positive=charge, negative=discharge)"
456,-0.0221,"PV smoothing/capacity firming (positive=charge, negative=discharge)"
457,0.0019,"PV smoothing/capacity firming (positive=charge, negative=discharge)"
458,0.0192,"PV smoothing/capacity firming (positive=charge, negative=discharge)"
459,0.0291,"PV smoothing/capacity firming (positive=charge, negative=discharge)"
460,0.0355,"PV smoothing/capacity firming (positive=charge, negative=discharge)"
461,0.0432,"PV smoothing/capacity firming (positive=charge, negative=discharge)"
462,0.054,"PV smoothing/capacity firming (positive=charge, negative=discharge)"
463,0.0651,"PV smoothing/capacity firming (positive=charge, negative=discharge)"
464,0.0703,"PV smoothing/capacity firming (positive=charge, negative=discharge)"
465,0.0636,"PV smoothing/capacity firming (positive=charge, negative=discharge)"
466,0.0422,"PV smoothing/capacity firming (positive=charge, negative=discharge)"
467,0.0081,"PV smoothing/capacity firming (positive=charge, negative=discharge)"
468,-0.0304,"PV smoothing/capacity firming (positive=charge, negative=discharge)"
469,-0.0614,"PV smoothing/capacity firming (positive=charge, negative=discharge)"
470,-0.0749,"PV smoothing/capacity firming (positive=charge, negative=discharge)"
471,-0.068,"PV smoothing/capacity firming (positive=charge, negative=discharge)"
472,-0.0473,"PV smoothing/capacity firming (positive=charge, negative=discharge)"
473,-0.0243,"PV smoothing/capacity firming (positive=charge, negative=discharge)"
474,-0.0083,"PV smoothing/capacity firming (positive=charge, negative=discharge)"
475,-0.0014,"PV smoothing/capacity firming (positive=charge, negative=discharge)"
476,0.0011,"PV smoothing/capacity firming (positive=charge, negative=discharge)"
477,0.005,"PV smoothing/capacity firming (positive=charge, negative=discharge)"
478,0.0118,"PV smoothing/capacity firming (positive=charge, negative=discharge)"
479,0.0184,"PV smoothing/capacity firming (positive=charge, negative=discharge)"
480,0.0198,"PV smoothing/capacity firming (positive=charge, negative=discharge)"
481,0.013,"PV smoothing/capacity firming (positive=charge, negative=discharge)"
482,-0.0005,"PV smoothing/capacity firming (positive=charge, negative=discharge)"
483,-0.0156,"PV smoothing/capacity firming (positive=charge, negative=discharge)"
484,-0.0278,"PV smoothing/capacity firming (positive=charge, negative=discharge)"
485,-0.0361,"PV smoothing/capacity firming (positive=charge, negative=discharge)"
486,-0.0408,"PV smoothing/capacity firming (positive=charge, negative=discharge)"
487,-0.0395,"PV smoothing/capacity firming (positive=charge, negative=discharge)"
488,-0.0293,"PV smoothing/capacity firming (positive=charge, negative=discharge)"
489,-0.0104,"PV smoothing/capacity firming (positive=charge, negative=discharge)"
490,0.0102,"PV smoothing/capacity firming (positive=charge, negative=discharge)"
491,0.0221,"PV smoothing/capacity firming (positive=charge, negative=discharge)"
492,0.0199,"PV smoothing/capacity firming (positive=charge, negative=discharge)"
493,0.0072,"PV smoothing/capacity firming (positive=charge, negative=discharge)"
494,-0.0074,"PV smoothing/capacity firming (positive=charge, negative=discharge)"
495,-0.0199,"PV smoothing/capacity firming (positive=charge, negative=discharge)"
496,-0.031,"PV smoothing/capacity firming (positive=charge, negative=discharge)"
497,-0.0404,"PV smoothing/capacity firming (positive=charge, negative=discharge)"
498,-0.0442,"PV smoothing/capacity firming (positive=charge, negative=discharge)"
499,-0.0393,"PV smoothing/capacity firming (positive=charge, negative=discharge)"
500,-0.0275,"PV smoothing/capacity firming (positive=charge, negative=discharge)"
501,-0.0135,"PV smoothing/capacity firming (positive=charge, negative=discharge)"
502,-0.0015,"PV smoothing/capacity firming (positive=charge, negative=discharge)"
503,0.0064,"PV smoothing/capacity firming (positive=charge, negative=discharge)"
504,0.0098,"PV smoothing/capacity firming (positive=charge, negative=discharge)"
505,0.0092,"PV smoothing/capacity firming (positive=charge, negative=discharge)"
506,0.0058,"PV smoothing/capacity firming (positive=charge, negative=discharge)"
507,0.0005,"PV smoothing/capacity firming (positive=charge, negative=discharge)"
508,-0.0065,"PV smoothing/capacity firming (positive=charge, negative=discharge)"
509,-0.0151,"PV smoothing/capacity firming (positive=charge, negative=discharge)"
510,-0.0226,"PV smoothing/capacity firming (positive=charge, negative=discharge)"
511,-0.0243,"PV smoothing/capacity firming (positive=charge, negative=discharge)"
512,-0.0172,"PV smoothing/capacity firming (positive=charge, negative=discharge)"
513,-0.0034,"PV smoothing/capacity firming (positive=charge, negative=discharge)"
514,0.0116,"PV smoothing/capacity firming (positive=charge, negative=discharge)"
515,0.0243,"PV smoothing/capacity firming (positive=charge, negative=discharge)"
516,0.0351,"PV smoothing/capacity firming (positive=charge, negative=discharge)"
517,0.045,"PV smoothing/capacity firming (positive=charge, negative=discharge)"
518,0.0526,"PV smoothing/capacity firming (positive=charge, negative=discharge)"
519,0.0553,"PV smoothing/capacity firming (positive=charge, negative=discharge)"
520,0.0537,"PV smoothing/capacity firming (positive=charge, negative=discharge)"
521,0.0506,"PV smoothing/capacity firming (positive=charge, negative=discharge)"
522,0.0461,"PV smoothing/capacity firming (positive=charge, negative=discharge)"
523,0.0366,"PV smoothing/capacity firming (positive=charge, negative=discharge)"
524,0.0206,"PV smoothing/capacity firming (positive=charge, negative=discharge)"
525,0.0037,"PV smoothing/capacity firming (positive=charge, negative=discharge)"
526,-0.0057,"PV smoothing/capacity firming (positive=charge, negative=discharge)"
527,-0.004,"PV smoothing/capacity firming (positive=charge, negative=discharge)"
528,0.0047,"PV smoothing/capacity firming (positive=charge, negative=discharge)"
529,0.0135,"PV smoothing/capacity firming (positive=charge, negative=discharge)"
530,0.0179,"PV smoothing/capacity firming (positive=charge, negative=discharge)"
531,0.0165,"PV smoothing/capacity firming (positive=charge, negative=discharge)"
532,0.0094,"PV smoothing/capacity firming (positive=charge, negative=discharge)"
533,-0.0029,"PV smoothing/capacity firming (positive=charge, negative=discharge)"
534,-0.0182,"PV smoothing/capacity firming (positive=charge, negative=discharge)"
535,-0.0322,"PV smoothing/capacity firming (positive=charge, negative=discharge)"
536,-0.0408,"PV smoothing/capacity firming (positive=charge, negative=discharge)"
537,-0.0434,"PV smoothing/capacity firming (positive=charge, negative=discharge)"
538,-0.0428,"PV smoothing/capacity firming (positive=charge, negative=discharge)"
539,-0.0431,"PV smoothing/capacity firming (positive=charge, negative=discharge)"
540,-0.045,"PV smoothing/capacity firming (positive=charge, negative=discharge)"
541,-0.0451,"PV smoothing/capacity firming (positive=charge, negative=discharge)"
542,-0.0386,"PV smoothing/capacity firming (positive=charge, negative=discharge)"
543,-0.0245,"PV smoothing/capacity firming (positive=charge, negative=discharge)"
544,-0.0079,"PV smoothing/capacity firming (positive=charge, negative=discharge)"
545,0.0037,"PV smoothing/capacity firming (positive=charge, negative=discharge)"
546,0.0065,"PV smoothing/capacity firming (positive=charge, negative=discharge)"
547,0.0029,"PV smoothing/capacity firming (positive=charge, negative=discharge)"
548,-0.0022,"PV smoothing/capacity firming (positive=charge, negative=discharge)"
549,-0.0053,"PV smoothing/capacity firming (positive=charge, negative=discharge)"
550,-0.0055,"PV smoothing/capacity firming (positive=charge, negative=discharge)"
551,-0.0036,"PV smoothing/capacity firming (positive=charge, negative=discharge)"
552,-0.0007,"PV smoothing/capacity firming (positive=charge, negative=discharge)"
553,0.0024,"PV smoothing/capacity firming (positive=charge, negative=discharge)"
554,0.0062,"PV smoothing/capacity firming (positive=charge, negative=discharge)"
555,0.0107,"PV smoothing/capacity firming (positive=charge, negative=discharge)"
556,0.014,"PV smoothing/capacity firming (positive=charge, negative=discharge)"
557,0.0134,"PV smoothing/capacity firming (positive=charge, negative=discharge)"
558,0.0084,"PV smoothing/capacity firming (positive=charge, negative=discharge)"
559,0.002,"PV smoothing/capacity firming (positive=charge, negative=discharge)"
560,-0.0019,"PV smoothing/capacity firming (positive=charge, negative=discharge)"
561,-0.0025,"PV smoothing/capacity firming (positive=charge, negative=discharge)"
562,-0.001,"PV smoothing/capacity firming (positive=charge, negative=discharge)"
563,0.0006,"PV smoothing/capacity firming (positive=charge, negative=discharge)"
564,0.0006,"PV smoothing/capacity firming (positive=charge, negative=discharge)"
565,-0.0031,"PV smoothing/capacity firming (positive=charge, negative=discharge)"
566,-0.0134,"PV smoothing/capacity firming (positive=charge, negative=discharge)"
567,-0.0333,"PV smoothing/capacity firming (positive=charge, negative=discharge)"
568,-0.0661,"PV smoothing/capacity firming (positive=charge, negative=discharge)"
569,-0.1119,"PV smoothing/capacity firming (positive=charge, negative=discharge)"
570,-0.1638,"PV smoothing/capacity firming (positive=charge, negative=discharge)"
571,-0.2094,"PV smoothing/capacity firming (positive=charge, negative=discharge)"
572,-0.2394,"PV smoothing/capacity firming (positive=charge, negative=discharge)"
573,-0.2539,"PV smoothing/capacity firming (positive=charge, negative=discharge)"
574,-0.259,"PV smoothing/capacity firming (positive=charge, negative=discharge)"
575,-0.2599,"PV smoothing/capacity firming (positive=charge, negative=discharge)"
576,-0.2584,"PV smoothing/capacity firming (positive=charge, negative=discharge)"
577,-0.2547,"PV smoothing/capacity firming (positive=charge, negative=discharge)"
578,-0.2484,"PV smoothing/capacity firming (positive=charge, negative=discharge)"
579,-0.2393,"PV smoothing/capacity firming (positive=charge, negative=discharge)"
580,-0.2277,"PV smoothing/capacity firming (positive=charge, negative=discharge)"
581,-0.2148,"PV smoothing/capacity firming (positive=charge, negative=discharge)"
582,-0.2028,"PV smoothing/capacity firming (positive=charge, negative=discharge)"
583,-0.1946,"PV smoothing/capacity firming (positive=charge, negative=discharge)"
584,-0.193,"PV smoothing/capacity firming (positive=charge, negative=discharge)"
585,-0.1985,"PV smoothing/capacity firming (positive=charge, negative=discharge)"
586,-0.2089,"PV smoothing/capacity firming (positive=charge, negative=discharge)"
587,-0.2211,"PV smoothing/capacity firming (positive=charge, negative=discharge)"
588,-0.2325,"PV smoothing/capacity firming (positive=charge, negative=discharge)"
589,-0.2415,"PV smoothing/capacity firming (positive=charge, negative=discharge)"
590,-0.2466,"PV smoothing/capacity firming (positive=charge, negative=discharge)"
591,-0.2459,"PV smoothing/capacity firming (positive=charge, negative=discharge)"
592,-0.239,"PV smoothing/capacity firming (positive=charge, negative=discharge)"
593,-0.2268,"PV smoothing/capacity firming (positive=charge, negative=discharge)"
594,-0.2098,"PV smoothing/capacity firming (positive=charge, negative=discharge)"
595,-0.1856,"PV smoothing/capacity firming (positive=charge, negative=discharge)"
596,-0.1509,"PV smoothing/capacity firming (positive=charge, negative=discharge)"
597,-0.1062,"PV smoothing/capacity firming (positive=charge, negative=discharge)"
598,-0.0584,"PV smoothing/capacity firming (positive=charge, negative=discharge)"
599,-0.0182,"PV smoothing/capacity firming (positive=charge, negative=discharge)"
600,0.0063,"PV smoothing/capacity firming (positive=charge, negative=discharge)"
601,0.0143,"PV smoothing/capacity firming (positive=charge, negative=discharge)"
602,0.012,"PV smoothing/capacity firming (positive=charge, negative=discharge)"
603,0.0071,"PV smoothing/capacity firming (positive=charge, negative=discharge)"
604,0.0039,"PV smoothing/capacity firming (positive=charge, negative=discharge)"
605,0.0025,"PV smoothing/capacity firming (positive=charge, negative=discharge)"
606,0.0006,"PV smoothing/capacity firming (positive=charge, negative=discharge)"
607,-0.0025,"PV smoothing/capacity firming (positive=charge, negative=discharge)"
608,-0.0061,"PV smoothing/capacity firming (positive=charge, negative=discharge)"
609,-0.0092,"PV smoothing/capacity firming (positive=charge, negative=discharge)"
610,-0.012,"PV smoothing/capacity firming (positive=charge, negative=discharge)"
611,-0.0154,"PV smoothing/capacity firming (positive=charge, negative=discharge)"
612,-0.019,"PV smoothing/capacity firming (positive=charge, negative=discharge)"
613,-0.0209,"PV smoothing/capacity firming (positive=charge, negative=discharge)"
614,-0.0197,"PV smoothing/capacity firming (positive=charge, negative=discharge)"
615,-0.0164,"PV smoothing/capacity firming (positive=charge, negative=discharge)"
616,-0.0132,"PV smoothing/capacity firming (positive=charge, negative=discharge)"
617,-0.0116,"PV smoothing/capacity firming (positive=charge, negative=discharge)"
618,-0.0121,"PV smoothing/capacity firming (positive=charge, negative=discharge)"
619,-0.0138,"PV smoothing/capacity firming (positive=charge, negative=discharge)"
620,-0.0158,"PV smoothing/capacity firming (positive=charge, negative=discharge)"
621,-0.0177,"PV smoothing/capacity firming (positive=charge, negative=discharge)"
622,-0.02,"PV smoothing/capacity firming (positive=charge, negative=discharge)"
623,-0.0224,"PV smoothing/capacity firming (positive=charge, negative=discharge)"
624,-0.024,"PV smoothing/capacity firming (positive=charge, negative=discharge)"
625,-0.0244,"PV smoothing/capacity firming (positive=charge, negative=discharge)"
626,-0.0253,"PV smoothing/capacity firming (positive=charge, negative=discharge)"
627,-0.028,"PV smoothing/capacity firming (positive=charge, negative=discharge)"
628,-0.0316,"PV smoothing/capacity firming (positive=charge, negative=discharge)"
629,-0.0339,"PV smoothing/capacity firming (positive=charge, negative=discharge)"
630,-0.0331,"PV smoothing/capacity firming (positive=charge, negative=discharge)"
631,-0.0293,"PV smoothing/capacity firming (positive=charge, negative=discharge)"
632,-0.0234,"PV smoothing/capacity firming (positive=charge, negative=discharge)"
633,-0.0165,"PV smoothing/capacity firming (positive=charge, negative=discharge)"
634,-0.0091,"PV smoothing/capacity firming (positive=charge, negative=discharge)"
635,-0.0025,"PV smoothing/capacity firming (positive=charge, negative=discharge)"
636,0.0009,"PV smoothing/capacity firming (positive=charge, negative=discharge)"
637,-0.0006,"PV smoothing/capacity firming (positive=charge, negative=discharge)"
638,-0.0056,"PV smoothing/capacity firming (positive=charge, negative=discharge)"
639,-0.0102,"PV smoothing/capacity firming (positive=charge, negative=discharge)"
640,-0.0115,"PV smoothing/capacity firming (positive=charge, negative=discharge)"
641,-0.0099,"PV smoothing/capacity firming (positive=charge, negative=discharge)"
642,-0.0076,"PV smoothing/capacity firming (positive=charge, negative=discharge)"
643,-0.0064,"PV smoothing/capacity firming (positive=charge, negative=discharge)"
644,-0.0061,"PV smoothing/capacity firming (positive=charge, negative=discharge)"
645,-0.0057,"PV smoothing/capacity firming (positive=charge, negative=discharge)"
646,-0.005,"PV smoothing/capacity firming (positive=charge, negative=discharge)"
647,-0.0041,"PV smoothing/capacity firming (positive=charge, negative=discharge)"
648,-0.0025,"PV smoothing/capacity firming (positive=charge, negative=discharge)"
649,0.0002,"PV smoothing/capacity firming (positive=charge, negative=discharge)"
650,0.0036,"PV smoothing/capacity firming (positive=charge, negative=discharge)"
651,0.0067,"PV smoothing/capacity firming (positive=charge, negative=discharge)"
652,0.0086,"PV smoothing/capacity firming (positive=charge, negative=discharge)"
653,0.0092,"PV smoothing/capacity firming (positive=charge, negative=discharge)"
654,0.0086,"PV smoothing/capacity firming (positive=charge, negative=discharge)"
655,0.0064,"PV smoothing/capacity firming (positive=charge, negative=discharge)"
656,0.0025,"PV smoothing/capacity firming (positive=charge, negative=discharge)"
657,-0.001,"PV smoothing/capacity firming (positive=charge, negative=discharge)"
658,-0.0016,"PV smoothing/capacity firming (positive=charge, negative=discharge)"
659,0.0018,"PV smoothing/capacity firming (positive=charge, negative=discharge)"
660,0.0075,"PV smoothing/capacity firming (positive=charge, negative=discharge)"
661,0.0117,"PV smoothing/capacity firming (positive=charge, negative=discharge)"
662,0.0121,"PV smoothing/capacity firming (positive=charge, negative=discharge)"
663,0.0087,"PV smoothing/capacity firming (positive=charge, negative=discharge)"
664,0.0031,"PV smoothing/capacity firming (positive=charge, negative=discharge)"
665,-0.0028,"PV smoothing/capacity firming (positive=charge, negative=discharge)"
666,-0.0077,"PV smoothing/capacity firming (positive=charge, negative=discharge)"
667,-0.0106,"PV smoothing/capacity firming (positive=charge, negative=discharge)"
668,-0.01,"PV smoothing/capacity firming (positive=charge, negative=discharge)"
669,-0.0049,"PV smoothing/capacity firming (positive=charge, negative=discharge)"
670,0.0037,"PV smoothing/capacity firming (positive=charge, negative=discharge)"
671,0.0125,"PV smoothing/capacity firming (positive=charge, negative=discharge)"
672,0.0182,"PV smoothing/capacity firming (positive=charge, negative=discharge)"
673,0.0191,"PV smoothing/capacity firming (positive=charge, negative=discharge)"
674,0.0165,"PV smoothing/capacity firming (positive=charge, negative=discharge)"
675,0.0134,"PV smoothing/capacity firming (positive=charge, negative=discharge)"
676,0.0119,"PV smoothing/capacity firming (positive=charge, negative=discharge)"
677,0.012,"PV smoothing/capacity firming (positive=charge, negative=discharge)"
678,0.0119,"PV smoothing/capacity firming (positive=charge, negative=discharge)"
679,0.0105,"PV smoothing/capacity firming (positive=charge, negative=discharge)"
680,0.0087,"PV smoothing/capacity firming (positive=charge, negative=discharge)"
681,0.0081,"PV smoothing/capacity firming (positive=charge, negative=discharge)"
682,0.0084,"PV smoothing/capacity firming (positive=charge, negative=discharge)"
683,0.0076,"PV smoothing/capacity firming (positive=charge, negative=discharge)"
684,0.004,"PV smoothing/capacity firming (positive=charge, negative=discharge)"
685,-0.0012,"PV smoothing/capacity firming (positive=charge, negative=discharge)"
686,-0.0047,"PV smoothing/capacity firming (positive=charge, negative=discharge)"
687,-0.0044,"PV smoothing/capacity firming (positive=charge, negative=discharge)"
688,-0.0009,"PV smoothing/capacity firming (positive=charge, negative=discharge)"
689,0.0039,"PV smoothing/capacity firming (positive=charge, negative=discharge)"
690,0.0086,"PV smoothing/capacity firming (positive=charge, negative=discharge)"
691,0.0124,"PV smoothing/capacity firming (positive=charge, negative=discharge)"
692,0.014,"PV smoothing/capacity firming (positive=charge, negative=discharge)"
693,0.0122,"PV smoothing/capacity firming (positive=charge, negative=discharge)"
694,0.0073,"PV smoothing/capacity firming (positive=charge, negative=discharge)"
695,0.0013,"PV smoothing/capacity firming (positive=charge, negative=discharge)"
696,-0.0032,"PV smoothing/capacity firming (positive=charge, negative=discharge)"
697,-0.0048,"PV smoothing/capacity firming (positive=charge, negative=discharge)"
698,-0.0043,"PV smoothing/capacity firming (positive=charge, negative=discharge)"
699,-0.0034,"PV smoothing/capacity firming (positive=charge, negative=discharge)"
700,-0.0031,"PV smoothing/capacity firming (positive=charge, negative=discharge)"
701,-0.0034,"PV smoothing/capacity firming (positive=charge, negative=discharge)"
702,-0.0035,"PV smoothing/capacity firming (positive=charge, negative=discharge)"
703,-0.0032,"PV smoothing/capacity firming (positive=charge, negative=discharge)"
704,-0.0027,"PV smoothing/capacity firming (positive=charge, negative=discharge)"
705,-0.0026,"PV smoothing/capacity firming (positive=charge, negative=discharge)"
706,-0.0029,"PV smoothing/capacity firming (positive=charge, negative=discharge)"
707,-0.0032,"PV smoothing/capacity firming (positive=charge, negative=discharge)"
708,-0.0027,"PV smoothing/capacity firming (positive=charge, negative=discharge)"
709,-0.0014,"PV smoothing/capacity firming (positive=charge, negative=discharge)"
710,0.0004,"PV smoothing/capacity firming (positive=charge, negative=discharge)"
711,0.0025,"PV smoothing/capacity firming (positive=charge, negative=discharge)"
712,0.0049,"PV smoothing/capacity firming (positive=charge, negative=discharge)"
713,0.0074,"PV smoothing/capacity firming (positive=charge, negative=discharge)"
714,0.0094,"PV smoothing/capacity firming (positive=charge, negative=discharge)"
715,0.0101,"PV smoothing/capacity firming (positive=charge, negative=discharge)"
716,0.0095,"PV smoothing/capacity firming (positive=charge, negative=discharge)"
717,0.0081,"PV smoothing/capacity firming (positive=charge, negative=discharge)"
718,0.0068,"PV smoothing/capacity firming (positive=charge, negative=discharge)"
719,0.0061,"PV smoothing/capacity firming (positive=charge, negative=discharge)"
