time_s,voltage_V,current_A,power_W,temperature_K,capacity_Ah,soc,energy_Wh,anode_potential_V
0.0,3.640710059817224,-33.3731861903268,-121.50209469127603,298.15,0.0,0.95,0.0,0.187733052063142
1.0,3.642589458006546,-44.133408620854134,-160.75988898821848,298.1500427916683,-0.010767405600444358,0.9500793430375768,-0.039211678133360836,0.18659362781277683
2.0,3.641680725059927,-36.09791205217687,-131.45707053532095,298.1500919715022,-0.021910687119957598,0.9501614558358814,-0.07979736122938315,0.18723005774087167
3.0,3.643866009049373,-49.04618418210365,-178.71772341474252,298.1501535842662,-0.03373650196455516,0.9502485980971103,-0.1228772279911389,0.18588009955299944
4.0,3.6421410735046655,-35.60659047159861,-129.68422564406916,298.15021546626235,-0.04549398838857722,0.9503352368587367,-0.16571079467803973,0.18703925341227234
5.0,3.635206219857206,11.47342725498623,41.708274120405136,298.1502221138967,-0.04884921374014161,0.950359960899144,-0.17792945119772174,0.19149787742331692
6.0,3.636429958498044,2.360990621508956,8.585577027788084,298.1502285134852,-0.04692786978386036,0.9503458028678244,-0.17094419539536335,0.190690648660232
7.0,3.6325350735988837,27.605663885836407,100.2785422952828,298.1502595233505,-0.0427667682090281,0.9503151404732919,-0.15582417070608331,0.19316641298296228
8.0,3.634362903723645,13.899902530717394,50.517290123013716,298.1503054967843,-0.037023121854422136,0.9502728165964498,-0.13495555537965936,0.19195888252520835
9.0,3.633842513096105,16.481603138332453,59.89155016805066,298.15033175910446,-0.032803480446035524,0.9502417228326175,-0.11962098944133813,0.19227138422635537
10.0,3.6384896494932053,-15.12157199775867,-55.01968319791121,298.1503308376684,-0.032636217014307085,0.9502404902990583,-0.1190163241878975,0.1892857130918355
11.0,3.6405841866587423,-28.32100855822934,-103.10501590731664,298.1503279809047,-0.03867018544217647,0.9502849535060253,-0.14097809412029047,0.1879719093972296
12.0,3.6391857237166083,-17.88229935751885,-65.07700852910928,298.1503275207796,-0.04508742941908315,0.9503322410002364,-0.1643366573186214,0.18889783176626054
13.0,3.641291039039534,-31.179340839191735,-113.53305440090826,298.15033101884825,-0.05190184213539513,0.950382455158064,-0.18914366781243203,0.18757266991082464
14.0,3.6394477343880802,-17.788801196626558,-64.7414122125425,298.1503350784088,-0.05870317471964044,0.9504325729307967,-0.21390393126571108,0.1887833381744677
15.0,3.6394802967553543,-17.509032578464588,-63.723779084569465,298.15032803547973,-0.06360565103059604,0.9504686983798226,-0.2317463181306216,0.18877691628693294
16.0,3.6390994408433976,-14.528356873714417,-52.870135375507466,298.1503198357943,-0.06805523907776281,0.9505014865782735,-0.24793970492500547,0.18903504619954434
17.0,3.6404197451743974,-22.947112211356636,-83.53712038895523,298.15031551616204,-0.07326033077602828,0.9505398419446014,-0.26688538443371146,0.18820445432214156
18.0,3.6407964363948895,-24.739043800635926,-90.06982250917237,298.1503191957685,-0.07988341873687183,0.950588646265387,-0.29099747689981265,0.18798749646547347
19.0,3.6394487180486044,-15.09112284443299,-54.923367690085655,298.150317404225,-0.08541538188540852,0.9506294102874974,-0.31113498865017947,0.1888705550112523
20.0,3.641561363444741,-28.807788315756664,-104.90532889695432,298.15031998452406,-0.09151275308738532,0.9506743406978813,-0.33333347321573964,0.18753340092283335
21.0,3.6407551090795933,-22.581814963778623,-82.21485820166703,298.1503291171159,-0.09865022900362357,0.9507269354491928,-0.3593223510221595,0.1880770932791238
22.0,3.641045688780465,-23.955061005983886,-87.22147160031066,298.15033337563165,-0.10511369447335278,0.9507745635411095,-0.3828551960323319,0.18791040867639924
23.0,3.640890581221549,-22.338719300387538,-81.33283269733302,298.1503377404447,-0.11154335508804022,0.9508219425312477,-0.4062654006379174,0.18802994641042686
24.0,3.640847425211943,-21.565378148377565,-78.51625150524235,298.15034016076356,-0.1176411299072573,0.9508668759158131,-0.4284666043458367,0.18807515951984916
25.0,3.6413773112153094,-24.634526975959616,-89.70360760278083,298.1503450974224,-0.12405789505899491,0.9509141598816494,-0.45183082592886364,0.1877537197017592
26.0,3.6402803362624527,-16.819513021875284,-61.22774251904286,298.1503463351606,-0.12981537547280292,0.9509565856991371,-0.472793150600905,0.18847335399006482
27.0,3.6403842507046997,-17.33525020294708,-63.106971820834,298.1503420761824,-0.1345786594212766,0.9509916854651659,-0.4901331545020588,0.18841563223204705
28.0,3.642401881809835,-30.468684320211032,-110.97919310420647,298.15035047409646,-0.14125541934654787,0.9510408852848161,-0.514446619668563,0.18713948427896537
29.0,3.6427721130299546,-32.09569036566347,-116.91728581248309,298.15037677164264,-0.14994492501706494,0.9511049166588095,-0.5460989204735948,0.1869313974917925
30.0,3.643991117366996,-39.3093567605763,-143.2429468649503,298.1504185086677,-0.15986253491368682,0.951177997707662,-0.5822328386677276,0.18618216329537293
31.0,3.6439079601686784,-37.6114267248111,-137.05257723584015,298.15047064743555,-0.17054596219600293,0.9512567219244107,-0.6211627287268587,0.18627172018313765
32.0,3.6449916242720626,-43.780805113788276,-159.58066794364575,298.1505326868936,-0.18185063468666637,0.9513400239831892,-0.6623622462439857,0.18561330900237671
33.0,3.644592059027636,-39.889523810705775,-145.38104171889208,298.15059975392,-0.1934714824576503,0.9514256558796351,-0.7047179041613889,0.18590799284487103
34.0,3.6437840209406325,-33.548581029922936,-122.24378348206523,298.1506457002347,-0.20367116609840855,0.9515008154781875,-0.7418876799732634,0.18645572415884917
35.0,3.6381526576810184,4.317535793238334,15.70785432080297,298.15064326756476,-0.20765325649843114,0.9515301587721962,-0.7563915828378653,0.1900691793944129
36.0,3.6356312515537246,19.809978389701165,72.02177652620148,298.15064946053167,-0.20430256153624526,0.9515054681153974,-0.7442069111489011,0.19164751172593814
37.0,3.635598093409731,18.231696110188867,66.28311961782825,298.15067285818395,-0.19901899350080013,0.9514665344713301,-0.7249979021691064,0.19162333572138307
38.0,3.6380070803380287,0.7492193908589186,2.725665448671291,298.150673251413,-0.19644658818626848,0.951447578888239,-0.7156434933213353,0.19004865506178978
39.0,3.637093653706382,6.139198561676479,22.32884012751687,298.15066358554844,-0.19539268340031088,0.9514398128571135,-0.71181003673536,0.19061639321448587
40.0,3.6406617537166475,-18.284488611861462,-66.56763837547162,298.1506498725982,-0.19713414454748526,0.9514526453649957,-0.7181492365419574,0.18831865748820864
41.0,3.6420045874193763,-26.800589821164735,-97.607871074227,298.15064814098577,-0.20339607574242963,0.9514987883877944,-0.7409513994334241,0.18747411747350295
42.0,3.6402081787733436,-14.198201235558594,-51.68440826155019,298.1506438036692,-0.20909050787193903,0.9515407496140357,-0.761686272456877,0.18863873882414722
43.0,3.6404666597925033,-15.829646933823003,-57.62730189886927,298.15063142225716,-0.21330415832942098,0.9515717992316491,-0.7770254919301893,0.18847400644099704
44.0,3.6425239854836904,-29.271638318705907,-106.62264467028974,298.1506314937309,-0.2196283507658549,0.9516184010461203,-0.8000557915350687,0.18716642156534805
45.0,3.64082705991834,-17.26770417236223,-62.86872461340123,298.1506330975686,-0.22609230324238566,0.9516660327267008,-0.8235961774452297,0.18827016856144768
46.0,3.6422364485756966,-26.42872362132301,-96.25966046291614,298.15063175526507,-0.2321613856588171,0.951710754682211,-0.8456973730197729,0.18737491676452347
47.0,3.6411154837323787,-18.419671340632686,-67.06815052363922,298.15063159973556,-0.23839037889874665,0.9517566549912587,-0.8683816990977746,0.18810698099217332
48.0,3.640735240856296,-15.738211538058781,-57.298661374661776,298.15062217940283,-0.24306402803455612,0.9517910942547883,-0.8853979714980127,0.1883539635682404
49.0,3.6411634111304028,-18.51591646512399,-67.41947755635645,298.1506133474288,-0.24782159058579292,0.9518261518608899,-0.9027200519621765,0.18808315737189182
50.0,3.6425920418517683,-27.770052739181743,-101.15497310954731,298.1506154513007,-0.2542504588930328,0.9518735250126599,-0.926133635441458,0.1871792365808632
51.0,3.6430764671481515,-30.34534849509002,-110.55042498987201,298.1506315946474,-0.2623220641667508,0.9519330031919263,-0.9555371943686267,0.18688979277684833
52.0,3.6431098621261118,-29.85265113665312,-108.75648776655126,298.1506509680622,-0.27068288228353576,0.9519946125276038,-0.9859964377914046,0.18688973545888463
53.0,3.6419385938175,-21.4897084339665,-78.26419851554802,298.15065741916123,-0.2776290143712484,0.9520457973013274,-1.0112975324720215,0.1876548892116927
54.0,3.642763143249017,-26.721407262295134,-97.33975751083534,298.15066178842096,-0.28432505553506154,0.9520951392008891,-1.0356870216662346,0.18713691826155662
55.0,3.64148233874282,-17.775858168328146,-64.73047357596424,298.1506627838381,-0.2905052362962895,0.9521406798197314,-1.0581964905586658,0.18796930513831916
56.0,3.6417437779119894,-19.479269670223275,-70.93850911980535,298.1506566607203,-0.295679568125782,0.9521788085222264,-1.0770394152828027,0.18780506477348302
57.0,3.6435256261856512,-31.127007132475804,-113.41204815363913,298.15066546541095,-0.3028065310312162,0.952231325805089,-1.1030011542489115,0.18667597144029016
58.0,3.641048973764086,-14.065182695382676,-51.21201901882747,298.1506692491026,-0.3090835126785336,0.9522775797319116,-1.125865437497428,0.18827667722601676
59.0,3.641234259717494,-15.466617564965015,-56.317577759498974,298.15065806184134,-0.313185155790735,0.9523078039879352,-1.1408001055197516,0.18815456203182912
60.0,3.6444146030135185,-36.56518883543571,-133.25870815380878,298.1506704454036,-0.32051944811319816,0.9523618490432564,-1.167519493017223,0.18612863552099507
61.0,3.644103630572586,-33.5646168178002,-122.31294200452339,298.1507075911276,-0.3302596984764639,0.9524336231622279,-1.2030155422564237,0.18635653021553278
62.0,3.6446016097838028,-36.125278486655525,-131.6622481263529,298.1507441099959,-0.3399389335195065,0.9525049476704923,-1.2382901311392165,0.1860612766822067
63.0,3.6457279040569923,-42.76279181514701,-155.9015033758614,298.1507992153775,-0.35089591788625313,0.9525856876792372,-1.2782303924792977,0.1853689125847327
64.0,3.645489541218269,-40.089809112484375,-146.14697982899864,298.15086274223955,-0.3624031935727623,0.952670482683817,-1.320181461011036,0.18555432445207354
65.0,3.635824816056622,24.697698100274096,89.79650365245105,298.15086457021164,-0.3642290193591666,0.9526839368592568,-1.326842582915235,0.19174102116633673
66.0,3.6358072201125484,22.61645758458485,82.22907977940281,298.15089605016703,-0.35772306237255863,0.9526359956551435,-1.3031881563094767,0.1916906436791341
67.0,3.637508392874256,9.452740887268401,34.384424313104454,298.1509047710095,-0.3533828547517978,0.952604013460999,-1.2874046380608588,0.19055645520453898
68.0,3.6376768021334094,7.173857473126621,26.09617491180411,298.15089678219715,-0.35107360814165145,0.9525869970461482,-1.2790045572926199,0.19041936304963122
69.0,3.6370247520501837,10.501547581235746,38.194388487787144,298.15089040041966,-0.3486186963190058,0.9525689072510556,-1.2700752556990418,0.1908075755882555
70.0,3.6422656926749903,-25.221156921430328,-91.86215458449806,298.15087575617423,-0.35074502326885854,0.9525845757644694,-1.2778190330791643,0.1874361370582634
71.0,3.6414282669185676,-18.995901609477727,-69.1722130763561,298.15086878071907,-0.3568863209381628,0.9526298298609368,-1.3001849115221689,0.18798891073219487
72.0,3.6425183407844584,-25.873853066050845,-94.2459843398524,298.15086355194785,-0.3632119283740139,0.9526764421022792,-1.3232230974851207,0.18729976963700806
73.0,3.6419850335228876,-21.725856220024607,-79.12524319379975,298.1508607176285,-0.36982299501614535,0.9527251578401714,-1.3473023572902298,0.1876543903408897
74.0,3.6424584697955424,-24.480426070728466,-89.16893528552852,298.1508567945709,-0.37624057269102285,0.9527724477933417,-1.370676643870553,0.18736046135366713
75.0,3.6421939191547925,-22.241092824293922,-81.00637304000061,298.15085374229176,-0.3827296257042921,0.952820264435175,-1.3943119211501325,0.18754113676745338
76.0,3.641833780080116,-19.50427244747878,-71.0313182551141,298.1508462203642,-0.3885275225994205,0.9528629880743028,-1.4154279878484732,0.1877791558520494
77.0,3.643778315419457,-32.13200562352104,-117.08190532192201,298.1508518083766,-0.3958778399908202,0.9529171512154186,-1.4422050300142955,0.1865460822234277
78.0,3.6433606541655235,-28.563148800273403,-104.06585249799129,298.1508676383681,-0.4043077208845093,0.9529792694620359,-1.4729199632984198,0.1868353124470966
79.0,3.6416287800029994,-16.520785606074252,-60.162568331339294,298.15086503566124,-0.4105693522480688,0.9530254102754321,-1.4957286717414127,0.18795503348130835
80.0,3.6437513903577603,-30.586537962592036,-111.44974022742515,298.15086530123284,-0.4171123301890837,0.9530736242801704,-1.519563757814331,0.1866018478045139
81.0,3.64273615473809,-23.22951538332127,-84.61899554386903,298.15087090802456,-0.42441682597107566,0.9531274497702482,-1.5461754136924037,0.18726873342484052
82.0,3.6439662790628957,-31.08877741984372,-113.2864565752025,298.1508791715069,-0.4319611615291611,0.9531830425956594,-1.5736623905117568,0.18649373789763396
83.0,3.643788565348505,-29.260304055922784,-106.61836133759194,298.1508957464634,-0.4403429685445084,0.9532448065946819,-1.6042046895584912,0.18662736314537498
84.0,3.642775532253604,-22.026592358967108,-80.23793170416958,298.1509003181333,-0.44746582548736635,0.9532972936214592,-1.6301555411363422,0.18728927865251827
85.0,3.641623954683323,-14.246025108851404,-51.87866629541337,298.1508898714156,-0.4525037397834274,0.9533344170881636,-1.6485049672083367,0.18802925705721657
86.0,3.6423145249729156,-19.00314362088853,-69.2154260305087,298.1508774399301,-0.4572128993454376,0.9533691180215128,-1.6656558672067598,0.18758582490531228
87.0,3.643118626174601,-24.274725718982943,-88.43570541210639,298.15087321006155,-0.4632237905821528,0.9534134111768895,-1.687551972481192,0.1870773721146003
88.0,3.6434328965787093,-26.047662002402355,-94.902908618516,298.15087673144404,-0.4702130305193358,0.9534649136044517,-1.7130157177387781,0.18688798319130184
89.0,3.6423907455616753,-18.794158914026657,-68.45567049906616,298.15087357600424,-0.47632484070009945,0.9535099504130229,-1.735280346778424,0.18756374297305944
90.0,3.644905284392267,-35.42547890254713,-129.12251525402078,298.1508847720096,-0.483855752003604,0.9535654443175635,-1.7627219288718945,0.18596314758308433
91.0,3.6467643499466846,-46.9195219292738,-171.10443988821737,298.15094493423544,-0.49529279283235866,0.9536497217743547,-1.8044201924983694,0.18480481387812242
92.0,3.647335335061274,-49.385625363187,-180.1259364312502,298.15103857916176,-0.5086685360670419,0.953748285173698,-1.8532022397114518,0.18448010544118873
93.0,3.646395880104424,-41.805667494733775,-152.4400137178127,298.1511193629141,-0.5213336505058896,0.9538416120797445,-1.8993905078123503,0.185118047316153
94.0,3.6456505479477888,-35.953365883701345,-131.07340803448315,298.15116850437096,-0.5321334879380454,0.9539211941015426,-1.9387671665491812,0.18562045795171672
95.0,3.6391608424807194,7.527066751561732,27.392206581022005,298.1511569622535,-0.5356603784112438,0.9539471831107551,-1.9516192956768164,0.189773881995771
96.0,3.6400024792388517,0.5082279459236864,1.8499509831806875,298.15113571179324,-0.5347388768482475,0.9539403927347023,-1.9482655070387915,0.18919872842462437
97.0,3.6360982576249907,25.294156110882746,91.97203696287526,298.15113489861415,-0.5310029286688408,0.9539128632175852,-1.9346764363273266,0.19166156605892684
98.0,3.63910672431738,3.2549008961214434,11.84493173806221,298.15113715088796,-0.5270384108717545,0.9538836494128655,-1.920257452067259,0.18968632577088348
99.0,3.637050627582892,15.945202024313424,57.99350702946514,298.15112761270655,-0.5243719806464672,0.9538640009774475,-1.9105576677404708,0.1909739348627297
100.0,3.6421263874199057,-19.108098147188905,-69.59410847528612,298.151110933868,-0.5248132426279907,0.9538672525560803,-1.9121689526727539,0.18769722894264768
101.0,3.642989303079504,-24.51804544116409,-89.31897727457799,298.15109997610455,-0.5308724750755558,0.953911901928976,-1.934240217755256,0.18715633761951134
102.0,3.6433505654598064,-26.395019137185663,-96.16630789878779,298.1510971168152,-0.537943754504307,0.9539640088905089,-1.9600021132475942,0.186937615621672
103.0,3.6439547506766776,-29.836491522808846,-108.72282502806371,298.1511015998898,-0.545753877112243,0.9540215602519563,-1.9884595505702458,0.18656520087963313
104.0,3.642231533698805,-17.799982726060367,-64.83165838415108,298.15109436910626,-0.5520805100507846,0.95406818005004,-2.011507670325018,0.18767800012722524
105.0,3.6416712263107547,-14.023989727552433,-51.07075986890529,298.1510754279989,-0.556500520141823,0.9541007502939555,-2.0276052148777763,0.1880340347577236
106.0,3.642022678962882,-16.456597258380903,-59.93530043358163,298.1510559452887,-0.560733958133643,0.9541319457222813,-2.043022771690818,0.18780551166035855
107.0,3.644258377949439,-31.19190863964701,-113.67137438426711,298.1510541363628,-0.5675781383573565,0.9541823792314129,-2.067958677164281,0.1863822504019521
108.0,3.6442924164514228,-30.68676073451224,-111.83152943024226,298.15106853356866,-0.5761723950694732,0.9542457087332965,-2.099278521610259,0.18638087908158818
109.0,3.6435805173106934,-25.349619679599986,-92.36338038582625,298.151073274321,-0.5837868882987729,0.9543018185377229,-2.1270247735874284,0.1868508572899571
110.0,3.6436448719951096,-25.40915348005917,-92.58193177935429,298.1510728606,-0.5908367182744038,0.9543537674421688,-2.152711624250431,0.1868194867018692
111.0,3.643886787327852,-26.65425825281169,-97.12509947344488,298.15107434751815,-0.5980682586912699,0.954407055337538,-2.179061672321983,0.186675678561943
112.0,3.642515485914788,-17.198353938433755,-62.645270552988535,298.15106608446916,-0.6040125374361709,0.9544508576376765,-2.2007177738228854,0.18756053978548265
113.0,3.644660540082267,-31.466547487038554,-114.68488395863423,298.1510653856951,-0.6107718847291548,0.9545006660284963,-2.2253470360217404,0.1861926412436355
114.0,3.6433056499122416,-21.898862251151105,-79.78424856626873,298.1510675790166,-0.6179576619492814,0.9545536167032598,-2.251531414594353,0.1870743212218821
115.0,3.6432234883035166,-21.210672040643573,-77.27521858117535,298.1510596536371,-0.6239450958745574,0.9545977370060097,-2.2733452240462193,0.18713124883487928
116.0,3.6436390955231674,-23.83225245504271,-86.8361267795716,298.151054668272,-0.6302902896586842,0.9546444935755611,-2.2964638453399946,0.18687146644689656
117.0,3.642292485413326,-14.716994900055937,-53.60359993233998,298.1510418662119,-0.6354013149667723,0.9546821557839077,-2.3150828159281533,0.18773635253128318
118.0,3.6426106448193947,-17.022226825466024,-62.00534463297279,298.15102510736597,-0.6398095516594964,0.9547146392718098,-2.3311396237025677,0.18752883943613669
119.0,3.644268395697274,-28.061925490293625,-102.26518818668879,298.15102083077096,-0.6460716220780726,0.9547607833205219,-2.3539556826263888,0.18647248628065682
120.0,3.6453144250266387,-34.48507734977185,-125.70894991128273,298.15104157397866,-0.6549432585311359,0.9548261567828566,-2.38629205674893,0.18582194909249258
121.0,3.646725455028975,-43.08393680219247,-157.11528903941493,298.15108854774144,-0.6657169236408087,0.9549055459456093,-2.425573500676749,0.1849454760481588
122.0,3.6460019978872107,-37.16942782152085,-135.51980809758948,298.15114106210314,-0.6768631999338486,0.9549876808118508,-2.4662170827716747,0.1854386938919812
123.0,3.646476379655831,-39.547167586468454,-144.2078124863479,298.1511859079657,-0.687518324003723,0.9550661964674166,-2.505068245905293,0.18515871342203144
124.0,3.6463529448662433,-37.883306843055514,-138.135907468447,298.1512322562414,-0.6982724582968285,0.9551454417111632,-2.544282298586155,0.18526299735230806
125.0,3.639246454927552,9.831202542765313,35.7781690014334,298.15122153089993,-0.7017341380796145,0.955170950194755,-2.5568999340249503,0.18981074791880576
126.0,3.637485031536438,19.884883685737407,72.33096676071294,298.1512205492657,-0.6974338144557036,0.9551392618984702,-2.5412546571566357,0.19088825179450944
127.0,3.6389569336569245,8.213440791673417,29.8883573180406,298.15121736089753,-0.6935314457156572,0.9551105060587564,-2.527057598873966,0.18989930376371097
128.0,3.637647729117115,15.66295908807036,56.97632755797343,298.15120976264205,-0.6902153710128837,0.9550860705123013,-2.5149930512398497,0.19070198849714143
129.0,3.6378033810011923,13.16380276702859,47.887326212729455,298.1512076785459,-0.6863056303786521,0.9550572603504509,-2.5007704261289363,0.19056109322806108
130.0,3.6436265635004914,-26.62977274972314,-97.02894737087276,298.1511884693154,-0.6883719450900441,0.9550724866446834,-2.508299183303147,0.1868158695389022
131.0,3.6445275964007924,-31.90082331408509,-116.2634309160889,298.1511931946856,-0.6965012386840288,0.9551323899186043,-2.5379231290980364,0.1862611811866855
132.0,3.64406421096522,-27.95796306344249,-101.88061261097833,298.15120035726324,-0.7048149245835172,0.9551936519456146,-2.5682207471160545,0.1865767083858118
133.0,3.6426478421345676,-17.962629200593355,-65.43153249660476,298.15119115652624,-0.7111927594747057,0.955240649041499,-2.591457985379967,0.18749191928105374
134.0,3.6421232391034604,-14.412543584384514,-52.49225992327832,298.15116987828446,-0.7155680321579899,0.9552728896236596,-2.6073941934742932,0.18782482349901897
135.0,3.6427910381639066,-18.876688533440483,-68.76383181982837,298.1511508675085,-0.7203383622576448,0.9553080413114846,-2.6247703728450373,0.1873960439714395
136.0,3.643784777418763,-25.303072140050173,-92.19894908584362,298.15114065293136,-0.7264745467677745,0.9553532577300196,-2.6471264713210982,0.18676602607630854
137.0,3.6422682466230305,-14.803313966048892,-53.91764040333112,298.1511275318686,-0.7320449639852797,0.9553943051131134,-2.667420225869731,0.18774355939837067
138.0,3.6435544335085863,-23.396977120619727,-85.24815971853296,298.1511129129911,-0.7373506750831159,0.9554334019253473,-2.686748837926764,0.1869203074819134
139.0,3.6439018681008344,-25.336367916294485,-92.32323838107551,298.15110904887155,-0.7441945280698307,0.9554838330231294,-2.71168632643579,0.18670894960077677
140.0,3.6431954578891363,-20.265807723954886,-73.83229865036702,298.15110033718855,-0.7503581955061839,0.9555292519583085,-2.734143541943183,0.1871692602461677
141.0,3.644492114391,-28.6954479955232,-104.58033393860133,298.1510972896486,-0.7571585316876768,0.9555793623887321,-2.7589232573174614,0.18634728725953995
142.0,3.6426405922163623,-15.868327100695618,-57.80261242756084,298.15109042837435,-0.7633481076190212,0.9556249722388603,-2.781476244495396,0.18754268580722663
143.0,3.6425356152101105,-15.260611419191152,-55.58732060428588,298.1510715201301,-0.7676442141588813,0.9556566294602259,-2.7971251204799508,0.1876065039275324
144.0,3.644430545740211,-27.87046094631556,-101.57195919661206,298.1510648862565,-0.7738453634782462,0.9557023245925284,-2.819720136833453,0.18639850145776224
145.0,3.643827127520943,-23.3783236959609,-85.18657007930801,298.151064106711,-0.7808275644990397,0.9557537751516063,-2.8451638190166966,0.1867976526139371
146.0,3.6444333305177876,-27.101717267730766,-98.77040172478748,298.1510647558441,-0.7879446585140084,0.9558062197124246,-2.871099923043176,0.1864199528913077
147.0,3.643756506291797,-22.20645139456716,-80.91490175060665,298.15106195602846,-0.7946245285207745,0.9558554424496951,-2.895441556817159,0.18686317487391493
148.0,3.6432318594535995,-18.567829226464127,-67.6469069987478,298.1510507823968,-0.8001418543387349,0.9558960986120003,-2.9155435524451074,0.1872023310090636
149.0,3.6449109748077757,-29.623122628971107,-107.97364477841336,298.1510518825194,-0.8071512352559141,0.9559477494547511,-2.941087933189135,0.18613570800714904
150.0,3.6475124580376006,-46.32223876183271,-168.96094296797705,298.1510963076707,-0.8176996300032805,0.9560254786415091,-2.9795512414711984,0.1844963687536934
151.0,3.6474500404098213,-44.59019848904446,-162.64052128074718,298.1511724862408,-0.8303263476486201,0.9561185226086246,-3.0256069821924054,0.1845746379791014
152.0,3.6465702650314515,-37.60714683168898,-137.1371033891088,298.1512285270503,-0.8417419355517824,0.9562026419827406,-3.0672400287834414,0.18516748590532794
153.0,3.6474754494702486,-42.8612631926157,-156.33540522834858,298.15128067482254,-0.8529181990396031,0.956284997819122,-3.10800028339319,0.1846134577451667
154.0,3.6470507653016657,-39.072237283035015,-142.49843288514114,298.1513359638791,-0.8642977885617356,0.9563688519277689,-3.1495047217505006,0.18491392802672063
155.0,3.6408719921439716,2.530302438606838,9.212507280377228,298.15132537474204,-0.8688893952017581,0.9564026866351901,-3.1662412477813966,0.1888703356053097
156.0,3.637225380785854,25.36969552466204,92.27530046511005,298.1513224798743,-0.8647525240291908,0.9563722027900491,-3.1511894767382373,0.191157505417427
157.0,3.6401596846326503,3.780876200452469,13.762993117474153,298.1513154637343,-0.8612024264909829,0.9563460427722297,-3.13827260154804,0.18923144157243632
158.0,3.6366044881706006,26.284738032232806,95.5871962984063,298.1513161693063,-0.8570274417722287,0.9563152780753552,-3.1230850718959466,0.19147024943233648
159.0,3.638411092941333,12.330945137928241,44.86504757628911,298.1513230978458,-0.8520303673257875,0.9562784555500142,-3.104908008003301,0.1902636094192247
160.0,3.642709043585035,-17.38613699319406,-63.332638458116335,298.151299405271,-0.8527339189625928,0.9562836398930239,-3.107472992071108,0.18749152639286668
161.0,3.6437896631091724,-24.27540983295828,-88.45448741707214,298.15128395764316,-0.8587095202733005,0.9563276730034066,-3.129244409497025,0.18680988417848607
162.0,3.6448333905957404,-30.663964707117188,-111.76504245255006,298.15128249806156,-0.8663400862125604,0.9563839012446856,-3.157052785062803,0.18615668690614973
163.0,3.6445375926034083,-27.947623175697686,-101.85616328774447,298.1512853251046,-0.8743647923245165,0.9564430338326284,-3.1862999925998805,0.18636247594929842
164.0,3.6448442038595554,-29.381381285683478,-107.09055728051104,298.1512879684671,-0.8823272023595076,0.9565017073722026,-3.2153205321091223,0.18618032288051234
165.0,3.644508803240867,-26.528889855896445,-96.68477262002192,298.1512891768411,-0.8900922454351897,0.9565589265508425,-3.243621650620889,0.1864088444467064
166.0,3.6446749630066404,-27.174768644715623,-99.04319890489293,298.1512878058252,-0.8975511046722027,0.9566138895169166,-3.270806151926419,0.18631363955181926
167.0,3.64520185742613,-30.202077601915818,-110.09266937263165,298.1512919640104,-0.9055209147860646,0.956672617586315,-3.2998556707272546,0.18599006046124839
168.0,3.643535600688524,-18.629399678515842,-67.8768809481278,298.1512834052397,-0.9119813955476072,0.9567202236844643,-3.3233995188283125,0.18706537051247754
169.0,3.6442351354999203,-23.25848457925258,-84.75938670219534,298.1512697408643,-0.9177991971830408,0.9567630939979739,-3.3445990196417346,0.18661942669003004
170.0,3.6434904493234463,-18.079632569649064,-65.87296859479348,298.15125594126425,-0.9235405828657657,0.9568054012163393,-3.365520009965662,0.18710122735979592
171.0,3.6457201979307614,-32.87230147668524,-119.84321344602057,298.15125439131816,-0.9306176453343538,0.9568575507920325,-3.391314177655818,0.18568136076119857
172.0,3.6456983055118775,-32.03021589033278,-116.77250379656581,298.15127156015586,-0.9395997424310575,0.9569237382185963,-3.4240602742295736,0.18571618520562916
173.0,3.643146714367108,-14.56786151069243,-53.072856798034174,298.1512621855363,-0.9456621370552409,0.9569684108929918,-3.446154114169678,0.18735668360608193
174.0,3.6450566935352837,-27.42882494639603,-99.97962196666842,298.15125204754514,-0.9517085022394263,0.957012965449383,-3.468188916792908,0.18613495091631602
175.0,3.6457607530749394,-31.666346733645746,-115.44792411478846,298.15126291049035,-0.9600724160243829,0.9570745975964716,-3.4986796518348093,0.18570059415673507
176.0,3.643673163514442,-17.29346029421922,-63.01171717834914,298.1512569755383,-0.9665877990576258,0.9571226082593943,-3.522426164097523,0.18704589716003603
177.0,3.6447875502977687,-24.771923334245646,-90.28839776558932,298.15124691401655,-0.9726445360330076,0.9571672392436131,-3.5444991995475896,0.18633421012705936
178.0,3.645836407151757,-31.47718620396399,-114.76067145710691,298.1512527091298,-0.9804570138742089,0.9572248079603425,-3.572978337954932,0.1856751107015564
179.0,3.6433543514022686,-14.461068373694506,-52.686796385225605,298.15124759128366,-0.9868375442834977,0.9572718249190056,-3.5962344506437827,0.18727272118813976
180.0,3.6478606028644203,-44.630247816128424,-162.8049227045307,298.15126448659305,-0.9950460374534703,0.95733231180008,-3.6261638963624803,0.18439600767658731
181.0,3.647038438740719,-38.01942455488104,-138.6583027704539,298.15131637585466,-1.0063282978779928,0.9574154487084526,-3.667314572930987,0.18495438271649042
182.0,3.648719469111445,-48.374295080635655,-176.50423226525731,298.15138109843065,-1.0183277049733168,0.9575038701391476,-3.7110875426359993,0.18390754097608192
183.0,3.649023725148855,-49.14206268390864,-179.32055263633484,298.15147441498334,-1.0319021376254653,0.9576038976443769,-3.760619507718451,0.18375085735874944
184.0,3.649140672935226,-48.69735949510643,-177.7035151981413,298.1515680521021,-1.0454908381443109,0.9577040302868998,-3.810205804261355,0.1837123622444261
185.0,3.639983751292732,13.105173567901264,47.7026188450316,298.1515640818761,-1.050126848532328,0.9577381921973982,-3.827114221576358,0.189575319447089
186.0,3.638079886708892,23.835494810179384,86.7154342586678,298.1515625621121,-1.044996403880099,0.9577003868914654,-3.8084450463050326,0.19073495571517654
187.0,3.637819870959563,23.35347531061776,84.95573654092884,298.1515778426991,-1.0384610845592759,0.957652229321695,-3.7846701297874934,0.19084275392310468
188.0,3.639717862149191,8.81914976126521,32.09921691504576,298.15156878775707,-1.0344055889158623,0.9576223451179073,-3.7699130907783234,0.18958244002933733
189.0,3.6373977805481825,22.923804823037376,83.38299678503587,298.1515682225955,-1.0295973424902556,0.9575869140316288,-3.7524199563208653,0.1910250498423077
190.0,3.642790940282255,-14.522486748685132,-52.9023831584793,298.1515442361301,-1.028983224921628,0.9575823887118691,-3.75018881950922,0.18754163426338277
191.0,3.6444343934061783,-25.32159186065121,-92.28288027275121,298.1515218429626,-1.034517300970749,0.9576231683035565,-3.770353442882699,0.1864971718499266
192.0,3.643454556211137,-18.249871854578238,-66.49257875883248,298.15150299607245,-1.0405689299445076,0.957667761647848,-3.792405532190186,0.18713290218951695
193.0,3.64316284907873,-16.136038146961898,-58.78621470832878,298.1514768133508,-1.0453447487456722,0.9577029537809079,-3.8098053433712407,0.18731824824941354
194.0,3.643045466496947,-15.293565247694753,-55.71515354218963,298.1514492834006,-1.0497099558357355,0.9577351201915577,-3.8257082527571074,0.18739040911874444
195.0,3.6448620869940225,-27.250885419804174,-99.32571910366242,298.15143437834945,-1.0559953761178653,0.957781436301133,-3.8486138645031063,0.18623271438754768
196.0,3.6439132180546148,-20.370630879348383,-74.22881112136908,298.15142201426397,-1.0626095121361125,0.957830174656695,-3.8727186075806204,0.18685045143938123
197.0,3.6450662733235832,-27.799494655822162,-101.33100038537656,298.15141087335417,-1.0692999181668834,0.9578794750319946,-3.8971020079518306,0.18611901277014614
198.0,3.6432312248669603,-15.06864641725492,-54.89856314382278,298.1513954399602,-1.075253979452909,0.9579233494178849,-3.918800320686959,0.18730105554792298
199.0,3.643950907533077,-19.89535115589729,-72.49768290022119,298.1513735086092,-1.0802504708973981,0.9579601676471913,-3.9370059481534074,0.18683889377672966
200.0,3.6446285773462432,-24.22326706094971,-88.28481136702726,298.15135916237244,-1.0863781149836096,0.9580053211329084,-3.959336950185899,0.1864111743891838
201.0,3.6454150008706594,-29.070851925662968,-105.97531969790148,298.1513558770952,-1.093780167205973,0.9580598654985075,-3.9863176978290946,0.18592013494316023
202.0,3.644120833480691,-19.96132252871101,-72.74147129070326,298.15134583814444,-1.1003123639695003,0.9581080000587258,-4.010125455864668,0.1867580583021695
203.0,3.645031751654365,-25.88967308073998,-94.3686804192485,298.15133467838996,-1.1066806228979482,0.9581549265910966,-4.033335242680226,0.1861803856420617
204.0,3.6458486952159284,-30.90712015758298,-112.68268369940583,298.1513374940645,-1.1145691426589774,0.9582130556467903,-4.062092502429353,0.1856719932165064
205.0,3.6451565165893633,-25.695068143949218,-93.66254508912425,298.15134041204396,-1.122430522356605,0.9582709847123332,-4.090751332714532,0.18613023827216163
206.0,3.644092446143983,-18.30369265456523,-66.70034813904226,298.1513284362013,-1.1285414542214656,0.9583160150487555,-4.113023722986795,0.18681691191949062
207.0,3.6434803511714615,-14.276094705805072,-52.014670552063706,298.151306606936,-1.1330664321140416,0.9583493587811538,-4.129511882234629,0.18720603941455852
208.0,3.645917996097657,-30.599857737930186,-111.56457200474782,298.15129924665877,-1.1395731954664576,0.9583973059272289,-4.153228925595488,0.1856509109463394
209.0,3.643529102984463,-14.215386710575569,-51.79417519016066,298.1512876829107,-1.1454953104214622,0.9584409449064636,-4.174813434314264,0.18718825745513554
210.0,3.648536363937444,-47.55465176386703,-173.50487623485077,298.1513126375319,-1.1546640396968906,0.958508507591332,-4.208249609232063,0.18399830876150705
211.0,3.647880848269254,-41.8423715732818,-152.63598590834056,298.1513782174869,-1.1669144972158751,0.9585987789665668,-4.252941147250187,0.1844554593918626
212.0,3.6490554822922983,-48.6125084138952,-177.38974033570474,298.15144995556864,-1.1794778670467303,0.9586913561352526,-4.298778450959318,0.18373706996033923
213.0,3.6488983517934948,-46.2941806920749,-168.92275962494233,298.151531617152,-1.192578048370988,0.9587878889694046,-4.3465804893638875,0.18387406997223482
214.0,3.6495606613833376,-49.57930103238286,-180.94266666666678,298.15161768400935,-1.2058941180711922,0.958886012645414,-4.3951739552298035,0.18348546556503603
215.0,3.6408007175499755,9.68994111944759,35.279144580701804,298.15161435527517,-1.2110668651332166,0.958924129670048,-4.414040645121974,0.18909624976252143
216.0,3.6388018802791353,21.208561199218007,77.1737523697296,298.15160723880877,-1.2064388551834422,0.958890026713312,-4.39719715425146,0.19032092463986533
217.0,3.640010036555718,11.107503360173533,40.43142371210803,298.1515998567685,-1.201950638711001,0.9588569538690782,-4.380863154178509,0.18949719998335884
218.0,3.639467733008628,13.263509893154378,48.27211628257607,298.1515844361655,-1.1984756076645786,0.9588313470024727,-4.368215269160072,0.1898055939397556
219.0,3.638633377909483,17.347898272115515,63.122641689497755,298.1515767792045,-1.1942240034744156,0.9588000177107622,-4.352743579030025,0.19029712897498277
220.0,3.6456627771260703,-30.671114316045834,-111.81653979498682,298.1515538852345,-1.1968207059771359,0.958819152335378,-4.36220984287295,0.1857827729078086
221.0,3.646111356356632,-32.79954848756322,-119.59080622387425,298.15156115213455,-1.2057322875181125,0.9588848201457413,-4.394701146288856,0.18552071761408662
222.0,3.645613543501116,-28.635652829586892,-104.39452378253803,298.15156481123984,-1.2142647152274193,0.95894769404104,-4.42580929698799,0.18585791583473707
223.0,3.644682995474475,-21.871194316152135,-79.71357001479767,298.15155421350414,-1.2212795093388966,0.958999384772627,-4.451379502620865,0.18646266985495324
224.0,3.6447277945176606,-21.940287474812358,-79.96637557915629,298.15153640949507,-1.227366945184735,0.9590442419711933,-4.473566448813865,0.18643740206664677
225.0,3.645686508013906,-28.042292144158345,-102.23340612374243,298.1515279096374,-1.2345073238864641,0.9590968581125989,-4.499595545067835,0.18583241258978078
226.0,3.6443116516887866,-18.415000234143218,-67.10999991913987,298.1515145111148,-1.2409597606754563,0.9591444049361894,-4.523115198448653,0.1867201914603619
227.0,3.643940208222179,-15.93756427896468,-58.075531297244915,298.1514897130721,-1.245730953825296,0.9591795629836728,-4.540502063638837,0.1869550769515037
228.0,3.644636721098691,-20.651505691767262,-75.2672359901936,298.15146717984805,-1.2508128697869363,0.9592170106905828,-4.559022132791462,0.18650830204423796
229.0,3.644462880504235,-19.350572939534207,-70.52244479462215,298.15144782627993,-1.2563687058587036,0.9592579506278873,-4.5792706659271225,0.18662278733310342
230.0,3.6445012433941186,-19.525593079684743,-71.16104825691865,298.15142789091914,-1.2617681842647968,0.9592977383942228,-4.598948967901783,0.18659987094179065
231.0,3.6443309013795115,-18.315020885285726,-66.74599657165791,298.1514072802727,-1.2669773469068122,0.9593361237585888,-4.61793321066482,0.18671001576534668
232.0,3.6437779655785687,-14.616829958062903,-53.26048292779832,298.15138366910867,-1.2715509959580968,0.9593698261398313,-4.634599913857783,0.18706223998879812
233.0,3.6436858924923414,-14.149156545185347,-51.55508209435752,298.15135780049144,-1.2755462693684465,0.9593992665770258,-4.649157620791661,0.18711620051947714
234.0,3.6464931333676924,-32.86638364368712,-119.84704227533334,298.1513519660701,-1.2823848931509347,0.9594496591417607,-4.67408734777871,0.18532682455543698
235.0,3.644969010477897,-22.062790701636917,-80.41818839212645,298.15134904415845,-1.2896358322433557,0.9595030899824132,-4.700521451830705,0.18631611343984184
236.0,3.644871001638909,-21.22403784276,-77.35888007076277,298.15133531746176,-1.2956177688722708,0.9595471697765942,-4.7223250616693875,0.18638253411575673
237.0,3.6457580907984295,-26.922770119197374,-98.15390698877002,298.1513294870787,-1.3025194122869121,0.9595980267214433,-4.747484679983735,0.18582285122693676
238.0,3.6444791752321337,-18.017623334414672,-65.66485302945084,298.15131898840957,-1.3087611517331954,0.9596440209549485,-4.770237026868918,0.1866485347662859
239.0,3.646602137114469,-32.13624032831356,-117.18808266005242,298.15131568216236,-1.3157272864393843,0.9596953531243,-4.7956333579930455,0.18529607497197942
240.0,3.648803170026951,-46.08964441898201,-168.17204066139655,298.15135967462163,-1.3265923096163335,0.9597754154878991,-4.835266813961132,0.18391538480421338
241.0,3.6472638978575316,-34.57606713114089,-126.1080413773086,298.15140858986155,-1.337795983525232,0.9598579733066476,-4.876138882380193,0.1849311792059719
242.0,3.6481784568040836,-39.99666897339449,-145.91498609266208,298.151444156785,-1.3481533781543524,0.9599342950485557,-4.913919925054532,0.18436704642042384
243.0,3.6494589391548695,-47.615674516884724,-173.77144900953368,298.1515093444972,-1.360321985697164,0.9600239632863239,-4.95832127597527,0.18357882209893792
244.0,3.6498030667132775,-48.696220314499826,-177.73161424120687,298.15159758408504,-1.3737393418936734,0.9601228333239529,-5.007290315574937,0.18339556468530135
245.0,3.640692739251655,12.914385229387454,47.017308536529725,298.15159482397337,-1.3784246186304498,0.960157358269142,-5.024382837475735,0.18922708554159273
246.0,3.6398071953135673,16.952787117493,61.704876530870166,298.1515830696469,-1.3742764349617715,0.9601267910642912,-5.0092825335683155,0.189739229461234
247.0,3.641397813245497,4.61428342306487,16.802441566443363,298.15156209105567,-1.3716209173384049,0.9601072230418357,-4.999614964562705,0.18868115932953722
248.0,3.63779170364791,27.407999282192232,99.70459240234678,298.15155957588814,-1.3671741945620186,0.9600744559570399,-4.98343342161644,0.1909476723456507
249.0,3.6406507437891116,6.4012033293141375,23.304545662012853,298.15155343438556,-1.3630542820428533,0.9600440970771061,-4.968440600695808,0.18907094353744544
250.0,3.6462889106634027,-31.99939062720703,-116.67902319197142,298.151531695177,-1.3666118933714002,0.9600703124626688,-4.981409287056424,0.18545588925548145
251.0,3.645572238987563,-26.344673373320404,-96.04140989497171,298.1515309687025,-1.3747152640229159,0.9601300247151798,-5.010953784843589,0.18593621604488092
252.0,3.645531067506849,-25.53546310129315,-93.09032405893898,298.15152200843806,-1.3819208310859448,0.960183121217667,-5.0372220583138105,0.18597270110693384
253.0,3.64532328492551,-23.700913472616897,-86.3974917557351,298.15151043753616,-1.3887588445095318,0.9602335092847791,-5.062149558620373,0.18611387718270922
254.0,3.644553750816404,-18.25713816129916,-66.53912136493615,298.15149183042985,-1.3945861321989121,0.9602764494992808,-5.083389825326828,0.18660974999274632
255.0,3.6444048343684003,-17.211788023180368,-62.726723479802665,298.15146793626855,-1.3995123682714137,0.960312750029633,-5.1013433982297265,0.18670335917223255
256.0,3.6445344079622344,-18.060480362283062,-65.82204210466686,298.1514443608478,-1.4044113602737296,0.9603488498034274,-5.119197627561389,0.18661929685523954
257.0,3.6444439721013846,-17.40308085550501,-63.424553119838244,298.15142139139726,-1.4093367792486298,0.9603851443127371,-5.1371482672205895,0.1866768891206307
258.0,3.6461832339364193,-28.84961774404203,-105.19099252380067,298.15141306279514,-1.4161612345338004,0.9604354324724134,-5.162027640894539,0.18557157460595924
259.0,3.645021406063083,-20.56245441872113,-74.95058651743496,298.1514051063936,-1.4230240701072392,0.9604860034493964,-5.187047227781119,0.1863260942614539
260.0,3.6441917943572357,-14.919490358932796,-54.369484342014786,298.1513836089696,-1.4279521375403983,0.9605223174747094,-5.205008296255923,0.1868559655743483
261.0,3.6468343189398946,-32.503813205127265,-118.53602149286985,298.1513797201681,-1.435032419632028,0.9605744907752144,-5.230822673910296,0.18517261484130915
262.0,3.646693284977931,-30.857638936434178,-112.52834469976806,298.15139148742725,-1.4437763183532706,0.9606389229616251,-5.262709475504291,0.1852823468552359
263.0,3.6469111174229476,-31.704704968007434,-115.62424102244087,298.1514029688886,-1.452465609050656,0.960702952751521,-5.294397606907753,0.18515981720045172
264.0,3.6471974664400886,-32.998762747911385,-120.35300388983998,298.15141837561424,-1.4614525285506492,0.9607691757134904,-5.327173403037737,0.18499444564222872
265.0,3.6448974563346264,-17.158599541606776,-62.54133582346702,298.1514106901527,-1.4680515719188831,0.9608178028540818,-5.351233496376466,0.1864739747207249
266.0,3.645521207129399,-21.4504038002592,-78.19790195533396,298.1513928476076,-1.4734139633032997,0.9608573173329548,-5.370780621733451,0.18607281271161824
267.0,3.6465858567722735,-28.434244085210132,-103.68791232913794,298.15138764023334,-1.4803425137744342,0.9609083725509696,-5.396042770303242,0.18539938123205452
268.0,3.6464689738268303,-27.233698535325004,-99.30683675161582,298.1513899912864,-1.4880741648902192,0.9609653456703796,-5.4242364592881716,0.1854869861949024
269.0,3.644935367386712,-16.77206158252731,-61.13308044614174,298.1513761667777,-1.493833997034192,0.9610077888173357,-5.445234555708316,0.18647128071661578
270.0,3.649396664419935,-46.569839981760126,-169.95181869200553,298.1513977371392,-1.5026328189234976,0.9610726257225014,-5.477329805107408,0.18362921524046316
271.0,3.6481212440701727,-36.801917811171485,-134.25785818945917,298.15145305693267,-1.5142123178346765,0.961157952926781,-5.519581113108453,0.1844789444219782
272.0,3.648228839621662,-36.79052596290725,-134.22025784272776,298.15148677421143,-1.5244331013876182,0.9612332680067175,-5.556868459474094,0.18443066751183418
273.0,3.649115769574925,-41.96115363540128,-153.121107440499,298.1515344342986,-1.535547328960464,0.9613151667118163,-5.597421944167386,0.18388791607282795
274.0,3.6493917011300407,-42.88356473439408,-156.49892525657063,298.1515936733682,-1.5473637239296198,0.9614022395597104,-5.6405433876492985,0.1837397021224645
275.0,3.6406286002108272,16.028165413135604,58.352597411971466,298.15157995537726,-1.5500726940389689,0.9614222014637341,-5.650428403813854,0.18933747962002173
276.0,3.6423663679155527,2.5266357687401344,9.202933148031523,298.1515583250969,-1.5474958427693273,0.9614032131192151,-5.6410456934890325,0.18817655297983296
277.0,3.638920970000231,24.256201042940205,88.26639862769659,298.15154842839337,-1.5437766951361644,0.9613758074022427,-5.627508282830621,0.19034144200754022
278.0,3.6411524319373023,7.337648983947481,26.717498442602647,298.1515436140117,-1.539388996606875,0.9613434752563013,-5.611538333052116,0.18886350945931685
279.0,3.6415477198642745,3.577679670000478,13.02829124469501,298.1515170837594,-1.5378729925649195,0.9613323041004879,-5.606018086203526,0.18858182435714674
280.0,3.6466212100616215,-30.954066884281904,-112.87775683788844,298.15149483633155,-1.5418493852255204,0.9613616054088995,-5.620513377158117,0.18532889679452552
281.0,3.6469383453991178,-32.243146296531705,-117.58876660513504,298.1515027770671,-1.5506267795541073,0.961426284418299,-5.652522618307563,0.18514860373905562
282.0,3.646786818587441,-30.438652005932894,-111.00327491080625,298.1515105748827,-1.5593323439847733,0.9614904341263514,-5.684270637344026,0.18526278384499628
283.0,3.646731878626429,-29.423229419633568,-107.29862869671673,298.15151452174416,-1.5676464182851653,0.9615516990154167,-5.714590074811186,0.1853118117465049
284.0,3.64636805510865,-26.44697534403238,-96.43540604872577,298.15151314424895,-1.5754056608179585,0.9616088754509197,-5.742884589713865,0.18555569862417715
285.0,3.6461227969650962,-24.432845426705725,-89.08515470503615,298.1515054916314,-1.58247225675768,0.9616609479006807,-5.768651158182582,0.1857200253894526
286.0,3.644815281356659,-15.479980226435908,-56.421668484412514,298.1514868301529,-1.5880154314099997,0.9617017945383067,-5.788859069119765,0.1865577468870181
287.0,3.6457305989604,-21.68502806849385,-79.05777036862317,298.1514670998992,-1.593391636887346,0.9617414108106976,-5.808457557917452,0.18597058234918115
288.0,3.6456487676565676,-20.994721425053232,-76.53938029053825,298.15145109246555,-1.5992953918019628,0.9617849144981612,-5.829980760107499,0.18602641683528862
289.0,3.645337679471868,-18.815011976991407,-68.58707209944126,298.15143284754896,-1.6048240843272972,0.9618256544196488,-5.85013559959299,0.18622688724888958
290.0,3.646694657695886,-27.76107790601653,-101.23617449174978,298.1514251086405,-1.611614862548391,0.9618756944192148,-5.874896389474188,0.18536499451452162
291.0,3.6461002754394247,-23.371167010343726,-85.21361847375505,298.15142008138537,-1.6187165670417627,0.9619280255774703,-5.900792135733826,0.18575538087435262
292.0,3.644925218417541,-15.364749651878949,-56.00336348080572,298.15140232847494,-1.6240965506126448,0.9619676696899396,-5.920405318339472,0.18650778183379324
293.0,3.645301606662502,-18.050826222839675,-65.80070583170308,298.15138008404665,-1.6287376188541915,0.9620018688708334,-5.937322566028996,0.18626253722880637
294.0,3.6466421611473323,-26.985979299857476,-98.40820987470944,298.1513692455952,-1.634992986761203,0.9620479635299668,-5.960129844527022,0.1854091457357
295.0,3.6449389710111753,-15.269734527120029,-55.657250454894694,298.15135628909485,-1.6408619704780343,0.9620912109948494,-5.981527676204849,0.1865041176220234
296.0,3.647174514629331,-30.224601872510707,-110.234397664239,298.15135076024944,-1.6476046620326343,0.9621408966525871,-6.006114249802241,0.1850782153383903
297.0,3.6462169000596214,-23.356337098750803,-85.16227105295468,298.15134861964106,-1.6548035492903113,0.9621939439328134,-6.032365736730256,0.1857017908528642
298.0,3.6462033024178355,-23.075244033338574,-84.13703099845657,298.1513398407925,-1.661252378542853,0.9622414641731292,-6.055879524215354,0.18571508133760864
299.0,3.6465562249990433,-25.232281057666157,-92.01093156175797,298.1513342740928,-1.6680411960051233,0.9622914897242228,-6.080634464021952,0.18549575132468069
300.0,3.6498392192198486,-46.710506116753194,-170.48583717453445,298.15137309403644,-1.6784113033077261,0.9623679051434909,-6.118470363564747,0.18341783695084996
301.0,3.6488493794256573,-38.83521982352209,-141.70386775291755,298.1514340369761,-1.690292696794016,0.9624554569535397,-6.161829991590771,0.18408408326001235
302.0,3.649793508776612,-44.285729236458764,-161.6337670986658,298.1514893663893,-1.701837366290094,0.9625405275062457,-6.203960385861693,0.1835061372296044
303.0,3.64967237083427,-42.43032007037401,-154.85676684649883,298.1515530963477,-1.7138812234653602,0.9626292764814295,-6.247917273591209,0.1836134299756392
304.0,3.649066188276274,-37.49679063763802,-136.82827088467926,298.1516010888505,-1.7249816613800246,0.9627110735730656,-6.288427010957023,0.18402520819544546
305.0,3.639840970634771,24.28238073271146,88.38400425547555,298.15158587198675,-1.7261408587927336,0.9627196154862515,-6.292663981261888,0.18990920118412805
306.0,3.639820525518925,22.03829974996465,80.21545577745994,298.1515974776009,-1.7197074247641988,0.9626722086905185,-6.269247390265613,0.18985578823136975
307.0,3.64008807642289,18.196161070067415,66.23562894782278,298.1516009520293,-1.7141194230572943,0.9626310317305466,-6.2489073770653984,0.18963218120919495
308.0,3.6390269450031676,23.512479547650695,85.56254661773677,298.15160838810476,-1.7083265597671546,0.962588345183131,-6.227824135398042,0.1902607780820637
309.0,3.6386743762559064,23.976782438699413,87.24370388475816,298.1516268720592,-1.7017308254401424,0.9625397424262576,-6.2038232553203505,0.19043182951993753
310.0,3.646172088587588,-27.47427246074856,-100.17592540063202,298.1516032661873,-1.7027732749545956,0.9625474240455878,-6.2076288470278955,0.18561479448027055
311.0,3.646666671166489,-29.95471205111552,-109.23485008119215,298.1515991342326,-1.7108412787382015,0.962606875686134,-6.23704873768359,0.18532065428932537
312.0,3.646386252310267,-27.262333547163667,-99.4089982522746,298.15159455516374,-1.7187879832647555,0.9626654334946962,-6.266026648756881,0.18551629186889443
313.0,3.6464302563289954,-26.92733691816839,-98.18865606077398,298.15158661603846,-1.726314314901058,0.9627208936525091,-6.293470729905336,0.18549980145694606
314.0,3.6463366401370996,-25.739822732887266,-93.85605874156069,298.1515773958529,-1.7336282171587252,0.9627747884571815,-6.320140030666438,0.1855702307783528
315.0,3.646797072737019,-28.32597748595667,-103.29909177820149,298.15157068329864,-1.7411376633333269,0.9628301241891231,-6.347523769415794,0.18528664561572603
316.0,3.645148149387081,-16.86205239278591,-61.46467907443156,298.1515523375452,-1.7470902368296297,0.9628739876117638,-6.369226234766641,0.1863465755591306
317.0,3.6472442591140903,-30.796697281467903,-112.32307735950832,298.15154031115816,-1.7537098033775158,0.9629227659839029,-6.393363472621147,0.1850105561345885
318.0,3.647318490659184,-30.621790153279655,-111.6874214431422,298.1515458267879,-1.7622334887480395,0.9629855754585102,-6.424451842866793,0.18498119533301044
319.0,3.644953438579882,-14.363952306182217,-52.3559373500163,298.1515285531682,-1.768059394438106,0.9630285054893123,-6.445693624075758,0.18649903505841414
320.0,3.647238605962876,-29.73385002153454,-108.44644570245087,298.15151412564177,-1.7741844518038223,0.9630736399139603,-6.468027310362925,0.18503908493776394
321.0,3.6452896766487526,-16.287010119756346,-59.370869853021574,298.15149827612606,-1.7801301964108487,0.9631174530157681,-6.489706534258297,0.18629293426303806
322.0,3.645874086957275,-20.26781713093051,-73.89390927684829,298.15147603085205,-1.7852072792138534,0.9631548651080184,-6.5082155417901015,0.1859176634771746
323.0,3.647076862523844,-28.1460157234518,-102.65068271723338,298.1514663926582,-1.791931578661697,0.9632044152376936,-6.532735891963104,0.18515643502931625
324.0,3.6454584567660846,-16.902238955436008,-61.61640993837535,298.1514537418497,-1.7981883951454671,0.9632505205711235,-6.555550573359713,0.18619967297357826
325.0,3.6473655237699765,-29.58126962882015,-107.8937029935025,298.1514465227697,-1.8050499664808681,0.9633010822321683,-6.5805727964048835,0.18498618373616404
326.0,3.647488266121799,-29.853772336774906,-108.89128429785802,298.15145243581503,-1.8133048338138618,0.963361910835947,-6.6106818245998,0.18492403025868986
327.0,3.6466191126335095,-23.59167963280775,-86.02986984812344,298.1514484715724,-1.8205347894431017,0.9634151870533068,-6.637049334821801,0.18549020278220926
328.0,3.6451930593230886,-13.921391355541823,-50.7461591453415,298.1514294892439,-1.8257450088460205,0.96345358020475,-6.656045819152347,0.18640253205147006
329.0,3.645972521646661,-19.338681494252164,-70.50830133292018,298.15140780922644,-1.830531634427249,0.9634888519709908,-6.67349636799545,0.1859004366326929
330.0,3.6495770856910346,-43.27807882278771,-157.94668478437646,298.15142435081395,-1.839229392628731,0.9635529441563716,-6.705226651812506,0.18361037797734797
330.39359265980426,3.650000000000002,-45.643780213015255,-166.59979777750578,298.1514514857815,-1.8441463938392255,0.963589176636719,-6.723173140274735,0.18335508937381
